cidade,titulo,preco,nota,distancia,configuracao,tem_piscina,tem_ar_condicionado,tem_wifi,tipo_imovel
Porto de Galinhas,Mahrak Villa por Yolo,R$ 1.072,Com,"2,5 km do centro","Apartamento de 1 QuartoApartamento inteiro • 1 quarto • 1 banheiro • 1 cozinha2 camas (1 de casal, 1 sofá-cama)Cancelamento grátisTemos mais 1 por esse preço",0,0,0,Flat
Porto de Galinhas,Pousada Residencial Porto de Galinhas,R$ 1.045,Com,400 m do centro,"Quarto Duplo com Varanda3 camas (2 de solteiro, 1 de casal)Café da manhã incluídoCancelamento grátisTemos mais 2 por esse preço",0,0,0,Pousada
Porto de Galinhas,Flats no centro de Porto de Galinhas próximo à praia opções com e sem piscina privativa,R$ 1.724,Com,300 m do centro,"Apartamento Superior de 1 Quarto com VarandaApartamento inteiro • 1 quarto • 1 sala • 1 banheiro • 1 cozinha • 28 m²2 camas (1 de casal, 1 sofá-cama)Temos mais 1 por esse preço",1,0,0,Flat
Porto de Galinhas,Pousada Canto dos Artistas,R$ 1.150,Com,"2,6 km do centro","SuíteSuíte privativa2 camas (1 de solteiro, 1 de casal)Café da manhã incluídoCancelamento grátisNão requer pré-pagamento – pague na acomodaçãoTemos mais 1 por esse preço",0,0,0,Pousada
Porto de Galinhas,Pousada Cheiro do Mar,R$ 2.168,Com,"0,5 km do centro",Quarto Duplo Econômico1 cama de casalCafé da manhã incluídoCancelamento grátisTemos mais 1 por esse preço,0,0,0,Pousada
Porto de Galinhas,Che Lagarto Hostel Porto de Galinhas,R$ 894,Com,250 m do centro,Quarto Duplo1 cama de casal,0,0,0,Outro
Porto de Galinhas,Mana Beach Experience Muro Alto By Carpediem,R$ 1.072,Com,"6,5 km do centro","ApartamentoApartamento inteiro • 1 quarto • 1 banheiro • 1 cozinha • 29 m²3 camas (1 de solteiro, 1 de casal, 1 sofá-cama)Temos mais 7 por esse preço",0,0,0,Flat
Porto de Galinhas,Beach Class Summer condomínio resort by Carpediem,R$ 1.173,Com,"4,3 km do centro",ApartamentoApartamento inteiro • 1 quarto • 1 cozinha • 32 m²1 cama de casalTemos mais 1 por esse preço,0,0,0,Resort
Porto de Galinhas,Cais Eco Residência by Manta,R$ 2.141,Com,"7,2 km do centro","Apartamento com VarandaApartamento inteiro • 1 quarto • 1 sala • 1 cozinha • 37 m²2 camas (1 sofá-cama, 1 king-size)Cancelamento grátisTemos mais 1 por esse preço",0,0,0,Flat
Porto de Galinhas,Pousada Privê Pontal de Maracaípe,R$ 3.872,Com,"3,5 km do centro",Quarto Duplo Econômico1 cama de casalCafé da manhã incluídoCancelamento grátisTemos mais 3 por esse preço,0,0,0,Pousada
Porto de Galinhas,Pé na Vila,R$ 1.126,Com,200 m do centro,Apartamento - TérreoApartamento inteiro • 1 quarto • 1 banheiro • 1 cozinha • 20 m²1 cama de casal grandeTemos mais 1 por esse preço,0,0,0,Flat
Porto de Galinhas,Condomínio Belas Praias,R$ 1.439,Com,400 m do centro,Quarto Duplo Deluxe com Chuveiro1 cama de casalTemos mais 2 por esse preço,0,0,0,Outro
Porto de Galinhas,Praça Cinco,R$ 1.487,Com,"0,6 km do centro","Apartamento de 1 QuartoApartamento inteiro • 1 quarto • 1 sala • 1 banheiro • 1 cozinha • 29 m²2 camas (1 de casal, 1 sofá-cama)Cancelamento grátisTemos mais 3 por esse preço",0,0,0,Flat
Porto de Galinhas,Capri Residence,R$ 1.625,Com,"0,7 km do centro","Quarto DuploApartamento inteiro • 1 quarto • 1 sala • 1 banheiro • 37 m²2 camas (1 de casal, 1 sofá-cama)Cancelamento grátisTemos mais 2 por esse preço",0,0,0,Flat
Porto de Galinhas,Beira Mar Porto de Galinhas Hotel,R$ 2.700,Com,"2,2 km do centro",Quarto Duplo com Banheiro Privativo1 cama de casalCafé da manhã incluídoCancelamento grátisTemos mais 1 por esse preço,0,0,0,Outro
Porto de Galinhas,Pousada Málaga,R$ 1.353,Com,300 m do centro,Suíte StandardSuíte privativa1 cama de casalCafé da manhã incluídoCancelamento grátisTemos mais 2 por esse preço,0,0,0,Pousada
Porto de Galinhas,Marulhos resort Muro Alto,R$ 2.673,Com,"8,1 km do centro","Estúdio com VarandaEstúdio inteiro • 1 banheiro • 1 cozinha • 40 m²4 camas (2 de solteiro, 1 sofá-cama, 1 king-size)",0,0,0,Resort
Porto de Galinhas,"Luxo e conforto no Nixxus próximo ao mar, COM e SEM Piscina privativa by HM",R$ 1.166,Com,350 m do centro,"Estúdio StandardEstúdio inteiro • 1 cozinha2 camas (1 de casal, 1 sofá-cama)Temos mais 5 por esse preço",1,0,0,Outro
Porto de Galinhas,Praia Exclusive Muro Alto by Sintta,R$ 3.825,Com,"8,8 km do centro","Apartamento de 2 Quartos com VarandaApartamento inteiro • 2 quartos • 1 sala • 2 banheiros • 1 cozinha • 71 m²3 camas (2 de solteiro, 1 king-size)Cancelamento grátis",0,0,0,Flat
Porto de Galinhas,Bela Vista Beach by New Time,R$ 1.302,Com,"0,6 km do centro",Apartamento Loft de 1 Quarto Apartamento inteiro • 1 quarto • 2 banheiros • 35 m²1 cama de casal grandeCancelamento grátisTemos mais 1 por esse preço,0,0,0,Flat
Porto de Galinhas,Pousada Aconchego do Porto,R$ 1.094,Com,250 m do centro,"Quarto StandardSuíte privativa2 camas (1 de casal, 1 tipo futon)Café da manhã incluído",0,0,0,Pousada
Porto de Galinhas,Flats Angatu Porto de Galinhas PE,R$ 1.376,Com,300 m do centro,Quarto Duplo Superior1 cama de casalTemos mais 2 por esse preço,0,0,0,Flat
Porto de Galinhas,Samoa Collection - Luxo com Varanda Gourmet no Samoa Villa Resort,R$ 6.678,Com,"7,6 km do centro","Apartamento de 3 Quartos com VarandaApartamento inteiro • 3 quartos • 1 sala • 2 banheiros • 1 cozinha • 79 m²4 camas (2 de solteiro, 2 de casal)Cancelamento grátisTemos mais 2 por esse preço",0,0,0,Resort
Porto de Galinhas,Pousada Suites das Galinhas,R$ 855,Com,300 m do centro,"Quarto StandardSuíte privativa2 camas (1 de solteiro, 1 de casal)Café da manhã incluídoCancelamento grátisTemos mais 1 por esse preço",0,0,0,Pousada
Porto de Galinhas,Mirante dos Corais,R$ 1.837,Com,450 m do centro,"Quarto Triplo Standard2 camas (1 de solteiro, 1 de casal)Café da manhã incluídoTemos mais 1 por esse preço",0,0,0,Outro
Porto de Galinhas,Mahrak Villa por Yolo,R$ 1.072,Com,"2,5 km do centro","Apartamento de 1 QuartoApartamento inteiro • 1 quarto • 1 banheiro • 1 cozinha2 camas (1 de casal, 1 sofá-cama)Cancelamento grátisTemos mais 1 por esse preço",0,0,0,Flat
Porto de Galinhas,Pousada Residencial Porto de Galinhas,R$ 1.045,Com,400 m do centro,"Quarto Duplo com Varanda3 camas (2 de solteiro, 1 de casal)Café da manhã incluídoCancelamento grátisTemos mais 2 por esse preço",0,0,0,Pousada
Porto de Galinhas,Flats no centro de Porto de Galinhas próximo à praia opções com e sem piscina privativa,R$ 1.724,Com,300 m do centro,"Apartamento Superior de 1 Quarto com VarandaApartamento inteiro • 1 quarto • 1 sala • 1 banheiro • 1 cozinha • 28 m²2 camas (1 de casal, 1 sofá-cama)Temos mais 1 por esse preço",1,0,0,Flat
Porto de Galinhas,Mana Beach Experience Muro Alto By Carpediem,R$ 1.072,Com,"6,5 km do centro","ApartamentoApartamento inteiro • 1 quarto • 1 banheiro • 1 cozinha • 29 m²3 camas (1 de solteiro, 1 de casal, 1 sofá-cama)Temos mais 7 por esse preço",0,0,0,Flat
Porto de Galinhas,Pousada Cheiro do Mar,R$ 2.168,Com,"0,5 km do centro",Quarto Duplo Econômico1 cama de casalCafé da manhã incluídoCancelamento grátisTemos mais 1 por esse preço,0,0,0,Pousada
Porto de Galinhas,Pousada Canto dos Artistas,R$ 1.150,Com,"2,6 km do centro","SuíteSuíte privativa2 camas (1 de solteiro, 1 de casal)Café da manhã incluídoCancelamento grátisNão requer pré-pagamento – pague na acomodaçãoTemos mais 1 por esse preço",0,0,0,Pousada
Porto de Galinhas,Che Lagarto Hostel Porto de Galinhas,R$ 894,Com,250 m do centro,Quarto Duplo1 cama de casal,0,0,0,Outro
Porto de Galinhas,Beach Class Summer condomínio resort by Carpediem,R$ 1.173,Com,"4,3 km do centro",ApartamentoApartamento inteiro • 1 quarto • 1 cozinha • 32 m²1 cama de casalTemos mais 1 por esse preço,0,0,0,Resort
Porto de Galinhas,Cais Eco Residência by Manta,R$ 2.141,Com,"7,2 km do centro","Apartamento com VarandaApartamento inteiro • 1 quarto • 1 sala • 1 cozinha • 37 m²2 camas (1 sofá-cama, 1 king-size)Cancelamento grátisTemos mais 1 por esse preço",0,0,0,Flat
Porto de Galinhas,Pousada Privê Pontal de Maracaípe,R$ 3.872,Com,"3,5 km do centro",Quarto Duplo Econômico1 cama de casalCafé da manhã incluídoCancelamento grátisTemos mais 3 por esse preço,0,0,0,Pousada
Porto de Galinhas,Pé na Vila,R$ 1.126,Com,200 m do centro,Apartamento - TérreoApartamento inteiro • 1 quarto • 1 banheiro • 1 cozinha • 20 m²1 cama de casal grandeTemos mais 1 por esse preço,0,0,0,Flat
Porto de Galinhas,Condomínio Belas Praias,R$ 1.439,Com,400 m do centro,Quarto Duplo Deluxe com Chuveiro1 cama de casalTemos mais 2 por esse preço,0,0,0,Outro
Porto de Galinhas,Praça Cinco,R$ 1.487,Com,"0,6 km do centro","Apartamento de 1 QuartoApartamento inteiro • 1 quarto • 1 sala • 1 banheiro • 1 cozinha • 29 m²2 camas (1 de casal, 1 sofá-cama)Cancelamento grátisTemos mais 3 por esse preço",0,0,0,Flat
Porto de Galinhas,Capri Residence,R$ 1.625,Com,"0,7 km do centro","Quarto DuploApartamento inteiro • 1 quarto • 1 sala • 1 banheiro • 37 m²2 camas (1 de casal, 1 sofá-cama)Cancelamento grátisTemos mais 2 por esse preço",0,0,0,Flat
Porto de Galinhas,Beira Mar Porto de Galinhas Hotel,R$ 2.700,Com,"2,2 km do centro",Quarto Duplo com Banheiro Privativo1 cama de casalCafé da manhã incluídoCancelamento grátisTemos mais 1 por esse preço,0,0,0,Outro
Porto de Galinhas,Pousada Málaga,R$ 1.353,Com,300 m do centro,Suíte StandardSuíte privativa1 cama de casalCafé da manhã incluídoCancelamento grátisTemos mais 2 por esse preço,0,0,0,Pousada
Porto de Galinhas,Marulhos resort Muro Alto,R$ 2.673,Com,"8,1 km do centro","Estúdio com VarandaEstúdio inteiro • 1 banheiro • 1 cozinha • 40 m²4 camas (2 de solteiro, 1 sofá-cama, 1 king-size)",0,0,0,Resort
Porto de Galinhas,"Luxo e conforto no Nixxus próximo ao mar, COM e SEM Piscina privativa by HM",R$ 1.166,Com,350 m do centro,"Estúdio StandardEstúdio inteiro • 1 cozinha2 camas (1 de casal, 1 sofá-cama)Temos mais 5 por esse preço",1,0,0,Outro
Porto de Galinhas,Praia Exclusive Muro Alto by Sintta,R$ 3.825,Com,"8,8 km do centro","Apartamento de 2 Quartos com VarandaApartamento inteiro • 2 quartos • 1 sala • 2 banheiros • 1 cozinha • 71 m²3 camas (2 de solteiro, 1 king-size)Cancelamento grátis",0,0,0,Flat
Porto de Galinhas,Bela Vista Beach by New Time,R$ 1.302,Com,"0,6 km do centro",Apartamento Loft de 1 Quarto Apartamento inteiro • 1 quarto • 2 banheiros • 35 m²1 cama de casal grandeCancelamento grátisTemos mais 1 por esse preço,0,0,0,Flat
Porto de Galinhas,Pousada Aconchego do Porto,R$ 1.094,Com,250 m do centro,"Quarto StandardSuíte privativa2 camas (1 de casal, 1 tipo futon)Café da manhã incluído",0,0,0,Pousada
Porto de Galinhas,Flats Angatu Porto de Galinhas PE,R$ 1.376,Com,300 m do centro,Quarto Duplo Superior1 cama de casalTemos mais 2 por esse preço,0,0,0,Flat
Porto de Galinhas,Samoa Collection - Luxo com Varanda Gourmet no Samoa Villa Resort,R$ 6.678,Com,"7,6 km do centro","Apartamento de 3 Quartos com VarandaApartamento inteiro • 3 quartos • 1 sala • 2 banheiros • 1 cozinha • 79 m²4 camas (2 de solteiro, 2 de casal)Cancelamento grátisTemos mais 2 por esse preço",0,0,0,Resort
Porto de Galinhas,Pousada Suites das Galinhas,R$ 855,Com,300 m do centro,"Quarto StandardSuíte privativa2 camas (1 de solteiro, 1 de casal)Café da manhã incluídoCancelamento grátisTemos mais 1 por esse preço",0,0,0,Pousada
Porto de Galinhas,Mirante dos Corais,R$ 1.837,Com,450 m do centro,"Quarto Triplo Standard2 camas (1 de solteiro, 1 de casal)Café da manhã incluídoTemos mais 1 por esse preço",0,0,0,Outro
Porto de Galinhas,Che Lagarto Hostel Porto de Galinhas,R$ 894,Com,250 m do centro,Quarto Duplo1 cama de casal,0,0,0,Outro
Porto de Galinhas,Pousada Residencial Porto de Galinhas,R$ 1.045,Com,400 m do centro,"Quarto Duplo com Varanda3 camas (2 de solteiro, 1 de casal)Café da manhã incluídoCancelamento grátisTemos mais 2 por esse preço",0,0,0,Pousada
Porto de Galinhas,Mahrak Villa por Yolo,R$ 1.072,Com,"2,5 km do centro","Apartamento de 1 QuartoApartamento inteiro • 1 quarto • 1 banheiro • 1 cozinha2 camas (1 de casal, 1 sofá-cama)Cancelamento grátisTemos mais 1 por esse preço",0,0,0,Flat
Porto de Galinhas,Pousada Canto dos Artistas,R$ 1.150,Com,"2,6 km do centro","SuíteSuíte privativa2 camas (1 de solteiro, 1 de casal)Café da manhã incluídoCancelamento grátisNão requer pré-pagamento – pague na acomodaçãoTemos mais 1 por esse preço",0,0,0,Pousada
Porto de Galinhas,Flats no centro de Porto de Galinhas próximo à praia opções com e sem piscina privativa,R$ 1.724,Com,300 m do centro,"Apartamento Superior de 1 Quarto com VarandaApartamento inteiro • 1 quarto • 1 sala • 1 banheiro • 1 cozinha • 28 m²2 camas (1 de casal, 1 sofá-cama)Temos mais 1 por esse preço",1,0,0,Flat
Porto de Galinhas,Pousada Cheiro do Mar,R$ 2.168,Com,"0,5 km do centro",Quarto Duplo Econômico1 cama de casalCafé da manhã incluídoCancelamento grátisTemos mais 1 por esse preço,0,0,0,Pousada
Porto de Galinhas,Mana Beach Experience Muro Alto By Carpediem,R$ 1.072,Com,"6,5 km do centro","ApartamentoApartamento inteiro • 1 quarto • 1 banheiro • 1 cozinha • 29 m²3 camas (1 de solteiro, 1 de casal, 1 sofá-cama)Temos mais 7 por esse preço",0,0,0,Flat
Porto de Galinhas,Beach Class Summer condomínio resort by Carpediem,R$ 1.173,Com,"4,3 km do centro",ApartamentoApartamento inteiro • 1 quarto • 1 cozinha • 32 m²1 cama de casalTemos mais 1 por esse preço,0,0,0,Resort
Porto de Galinhas,Cais Eco Residência by Manta,R$ 2.141,Com,"7,2 km do centro","Apartamento com VarandaApartamento inteiro • 1 quarto • 1 sala • 1 cozinha • 37 m²2 camas (1 sofá-cama, 1 king-size)Cancelamento grátisTemos mais 1 por esse preço",0,0,0,Flat
Porto de Galinhas,Pousada Privê Pontal de Maracaípe,R$ 3.872,Com,"3,5 km do centro",Quarto Duplo Econômico1 cama de casalCafé da manhã incluídoCancelamento grátisTemos mais 3 por esse preço,0,0,0,Pousada
Porto de Galinhas,Pé na Vila,R$ 1.126,Com,200 m do centro,Apartamento - TérreoApartamento inteiro • 1 quarto • 1 banheiro • 1 cozinha • 20 m²1 cama de casal grandeTemos mais 1 por esse preço,0,0,0,Flat
Porto de Galinhas,Condomínio Belas Praias,R$ 1.439,Com,400 m do centro,Quarto Duplo Deluxe com Chuveiro1 cama de casalTemos mais 2 por esse preço,0,0,0,Outro
Porto de Galinhas,Praça Cinco,R$ 1.487,Com,"0,6 km do centro","Apartamento de 1 QuartoApartamento inteiro • 1 quarto • 1 sala • 1 banheiro • 1 cozinha • 29 m²2 camas (1 de casal, 1 sofá-cama)Cancelamento grátisTemos mais 3 por esse preço",0,0,0,Flat
Porto de Galinhas,Capri Residence,R$ 1.625,Com,"0,7 km do centro","Quarto DuploApartamento inteiro • 1 quarto • 1 sala • 1 banheiro • 37 m²2 camas (1 de casal, 1 sofá-cama)Cancelamento grátisTemos mais 2 por esse preço",0,0,0,Flat
Porto de Galinhas,Beira Mar Porto de Galinhas Hotel,R$ 2.700,Com,"2,2 km do centro",Quarto Duplo com Banheiro Privativo1 cama de casalCafé da manhã incluídoCancelamento grátisTemos mais 1 por esse preço,0,0,0,Outro
Porto de Galinhas,Pousada Málaga,R$ 1.353,Com,300 m do centro,Suíte StandardSuíte privativa1 cama de casalCafé da manhã incluídoCancelamento grátisTemos mais 2 por esse preço,0,0,0,Pousada
Porto de Galinhas,Marulhos resort Muro Alto,R$ 2.673,Com,"8,1 km do centro","Estúdio com VarandaEstúdio inteiro • 1 banheiro • 1 cozinha • 40 m²4 camas (2 de solteiro, 1 sofá-cama, 1 king-size)",0,0,0,Resort
Porto de Galinhas,Pousada vila bela,R$ 1.739,Com,250 m do centro,Quarto Triplo2 camas de solteiroCafé da manhã incluídoTemos mais 4 por esse preço,0,0,0,Pousada
Porto de Galinhas,"Luxo e conforto no Nixxus próximo ao mar, COM e SEM Piscina privativa by HM",R$ 1.166,Com,350 m do centro,"Estúdio StandardEstúdio inteiro • 1 cozinha2 camas (1 de casal, 1 sofá-cama)Temos mais 5 por esse preço",1,0,0,Outro
Porto de Galinhas,Bela Vista Beach by New Time,R$ 1.302,Com,"0,6 km do centro",Apartamento Loft de 1 Quarto Apartamento inteiro • 1 quarto • 2 banheiros • 35 m²1 cama de casal grandeCancelamento grátisTemos mais 1 por esse preço,0,0,0,Flat
Porto de Galinhas,Praia Exclusive Muro Alto by Sintta,R$ 3.825,Com,"8,8 km do centro","Apartamento de 2 Quartos com VarandaApartamento inteiro • 2 quartos • 1 sala • 2 banheiros • 1 cozinha • 71 m²3 camas (2 de solteiro, 1 king-size)Cancelamento grátis",0,0,0,Flat
Porto de Galinhas,Flats Angatu Porto de Galinhas PE,R$ 1.376,Com,300 m do centro,Quarto Duplo Superior1 cama de casalTemos mais 2 por esse preço,0,0,0,Flat
Porto de Galinhas,Pousada Aconchego do Porto,R$ 1.094,Com,250 m do centro,"Quarto StandardSuíte privativa2 camas (1 de casal, 1 tipo futon)Café da manhã incluído",0,0,0,Pousada
Porto de Galinhas,Pousada Suites das Galinhas,R$ 855,Com,300 m do centro,"Quarto StandardSuíte privativa2 camas (1 de solteiro, 1 de casal)Café da manhã incluídoCancelamento grátisTemos mais 1 por esse preço",0,0,0,Pousada
Porto de Galinhas,Mirante dos Corais,R$ 1.837,Com,450 m do centro,"Quarto Triplo Standard2 camas (1 de solteiro, 1 de casal)Café da manhã incluídoTemos mais 1 por esse preço",0,0,0,Outro
Porto de Galinhas,Mahrak Villa por Yolo,R$ 1.072,Com,"2,5 km do centro","Apartamento de 1 QuartoApartamento inteiro • 1 quarto • 1 banheiro • 1 cozinha2 camas (1 de casal, 1 sofá-cama)Cancelamento grátisTemos mais 1 por esse preço",0,0,0,Flat
Porto de Galinhas,Pousada Residencial Porto de Galinhas,R$ 1.045,Com,400 m do centro,"Quarto Duplo com Varanda3 camas (2 de solteiro, 1 de casal)Café da manhã incluídoCancelamento grátisTemos mais 2 por esse preço",0,0,0,Pousada
Porto de Galinhas,Flats no centro de Porto de Galinhas próximo à praia opções com e sem piscina privativa,R$ 1.724,Com,300 m do centro,"Apartamento Superior de 1 Quarto com VarandaApartamento inteiro • 1 quarto • 1 sala • 1 banheiro • 1 cozinha • 28 m²2 camas (1 de casal, 1 sofá-cama)Temos mais 1 por esse preço",1,0,0,Flat
Porto de Galinhas,Pousada Canto dos Artistas,R$ 1.150,Com,"2,6 km do centro","SuíteSuíte privativa2 camas (1 de solteiro, 1 de casal)Café da manhã incluídoCancelamento grátisNão requer pré-pagamento – pague na acomodaçãoTemos mais 1 por esse preço",0,0,0,Pousada
Porto de Galinhas,Pousada Cheiro do Mar,R$ 2.168,Com,"0,5 km do centro",Quarto Duplo Econômico1 cama de casalCafé da manhã incluídoCancelamento grátisTemos mais 1 por esse preço,0,0,0,Pousada
Porto de Galinhas,Che Lagarto Hostel Porto de Galinhas,R$ 894,Com,250 m do centro,Quarto Duplo1 cama de casal,0,0,0,Outro
Porto de Galinhas,Mana Beach Experience Muro Alto By Carpediem,R$ 1.072,Com,"6,5 km do centro","ApartamentoApartamento inteiro • 1 quarto • 1 banheiro • 1 cozinha • 29 m²3 camas (1 de solteiro, 1 de casal, 1 sofá-cama)Temos mais 7 por esse preço",0,0,0,Flat
Porto de Galinhas,Beach Class Summer condomínio resort by Carpediem,R$ 1.173,Com,"4,3 km do centro",ApartamentoApartamento inteiro • 1 quarto • 1 cozinha • 32 m²1 cama de casalTemos mais 1 por esse preço,0,0,0,Resort
Porto de Galinhas,Cais Eco Residência by Manta,R$ 2.141,Com,"7,2 km do centro","Apartamento com VarandaApartamento inteiro • 1 quarto • 1 sala • 1 cozinha • 37 m²2 camas (1 sofá-cama, 1 king-size)Cancelamento grátisTemos mais 1 por esse preço",0,0,0,Flat
Porto de Galinhas,Pousada Privê Pontal de Maracaípe,R$ 3.872,Com,"3,5 km do centro",Quarto Duplo Econômico1 cama de casalCafé da manhã incluídoCancelamento grátisTemos mais 3 por esse preço,0,0,0,Pousada
Porto de Galinhas,Pé na Vila,R$ 1.126,Com,200 m do centro,Apartamento - TérreoApartamento inteiro • 1 quarto • 1 banheiro • 1 cozinha • 20 m²1 cama de casal grandeTemos mais 1 por esse preço,0,0,0,Flat
Porto de Galinhas,Condomínio Belas Praias,R$ 1.439,Com,400 m do centro,Quarto Duplo Deluxe com Chuveiro1 cama de casalTemos mais 2 por esse preço,0,0,0,Outro
Porto de Galinhas,Praça Cinco,R$ 1.487,Com,"0,6 km do centro","Apartamento de 1 QuartoApartamento inteiro • 1 quarto • 1 sala • 1 banheiro • 1 cozinha • 29 m²2 camas (1 de casal, 1 sofá-cama)Cancelamento grátisTemos mais 3 por esse preço",0,0,0,Flat
Porto de Galinhas,Capri Residence,R$ 1.625,Com,"0,7 km do centro","Quarto DuploApartamento inteiro • 1 quarto • 1 sala • 1 banheiro • 37 m²2 camas (1 de casal, 1 sofá-cama)Cancelamento grátisTemos mais 2 por esse preço",0,0,0,Flat
Porto de Galinhas,Beira Mar Porto de Galinhas Hotel,R$ 2.700,Com,"2,2 km do centro",Quarto Duplo com Banheiro Privativo1 cama de casalCafé da manhã incluídoCancelamento grátisTemos mais 1 por esse preço,0,0,0,Outro
Porto de Galinhas,Pousada Málaga,R$ 1.353,Com,300 m do centro,Suíte StandardSuíte privativa1 cama de casalCafé da manhã incluídoCancelamento grátisTemos mais 2 por esse preço,0,0,0,Pousada
Porto de Galinhas,Marulhos resort Muro Alto,R$ 2.673,Com,"8,1 km do centro","Estúdio com VarandaEstúdio inteiro • 1 banheiro • 1 cozinha • 40 m²4 camas (2 de solteiro, 1 sofá-cama, 1 king-size)",0,0,0,Resort
Porto de Galinhas,"Luxo e conforto no Nixxus próximo ao mar, COM e SEM Piscina privativa by HM",R$ 1.166,Com,350 m do centro,"Estúdio StandardEstúdio inteiro • 1 cozinha2 camas (1 de casal, 1 sofá-cama)Temos mais 5 por esse preço",1,0,0,Outro
Porto de Galinhas,Praia Exclusive Muro Alto by Sintta,R$ 3.825,Com,"8,8 km do centro","Apartamento de 2 Quartos com VarandaApartamento inteiro • 2 quartos • 1 sala • 2 banheiros • 1 cozinha • 71 m²3 camas (2 de solteiro, 1 king-size)Cancelamento grátis",0,0,0,Flat
Porto de Galinhas,Bela Vista Beach by New Time,R$ 1.302,Com,"0,6 km do centro",Apartamento Loft de 1 Quarto Apartamento inteiro • 1 quarto • 2 banheiros • 35 m²1 cama de casal grandeCancelamento grátisTemos mais 1 por esse preço,0,0,0,Flat
Porto de Galinhas,Pousada Aconchego do Porto,R$ 1.094,Com,250 m do centro,"Quarto StandardSuíte privativa2 camas (1 de casal, 1 tipo futon)Café da manhã incluído",0,0,0,Pousada
Porto de Galinhas,Flats Angatu Porto de Galinhas PE,R$ 1.376,Com,300 m do centro,Quarto Duplo Superior1 cama de casalTemos mais 2 por esse preço,0,0,0,Flat
Porto de Galinhas,Samoa Collection - Luxo com Varanda Gourmet no Samoa Villa Resort,R$ 6.678,Com,"7,6 km do centro","Apartamento de 3 Quartos com VarandaApartamento inteiro • 3 quartos • 1 sala • 2 banheiros • 1 cozinha • 79 m²4 camas (2 de solteiro, 2 de casal)Cancelamento grátisTemos mais 2 por esse preço",0,0,0,Resort
Porto de Galinhas,Pousada Suites das Galinhas,R$ 855,Com,300 m do centro,"Quarto StandardSuíte privativa2 camas (1 de solteiro, 1 de casal)Café da manhã incluídoCancelamento grátisTemos mais 1 por esse preço",0,0,0,Pousada
Porto de Galinhas,Mirante dos Corais,R$ 1.837,Com,450 m do centro,"Quarto Triplo Standard2 camas (1 de solteiro, 1 de casal)Café da manhã incluídoTemos mais 1 por esse preço",0,0,0,Outro
Porto de Galinhas,Mahrak Villa por Yolo,R$ 1.072,Com,"2,5 km do centro","Apartamento de 1 QuartoApartamento inteiro • 1 quarto • 1 banheiro • 1 cozinha2 camas (1 de casal, 1 sofá-cama)Cancelamento grátisTemos mais 1 por esse preço",0,0,0,Flat
Porto de Galinhas,Pousada Residencial Porto de Galinhas,R$ 1.045,Com,400 m do centro,"Quarto Duplo com Varanda3 camas (2 de solteiro, 1 de casal)Café da manhã incluídoCancelamento grátisTemos mais 2 por esse preço",0,0,0,Pousada
Porto de Galinhas,Flats no centro de Porto de Galinhas próximo à praia opções com e sem piscina privativa,R$ 1.724,Com,300 m do centro,"Apartamento Superior de 1 Quarto com VarandaApartamento inteiro • 1 quarto • 1 sala • 1 banheiro • 1 cozinha • 28 m²2 camas (1 de casal, 1 sofá-cama)Temos mais 1 por esse preço",1,0,0,Flat
Porto de Galinhas,Pousada Canto dos Artistas,R$ 1.150,Com,"2,6 km do centro","SuíteSuíte privativa2 camas (1 de solteiro, 1 de casal)Café da manhã incluídoCancelamento grátisNão requer pré-pagamento – pague na acomodaçãoTemos mais 1 por esse preço",0,0,0,Pousada
Porto de Galinhas,Pousada Cheiro do Mar,R$ 2.168,Com,"0,5 km do centro",Quarto Duplo Econômico1 cama de casalCafé da manhã incluídoCancelamento grátisTemos mais 1 por esse preço,0,0,0,Pousada
Porto de Galinhas,Che Lagarto Hostel Porto de Galinhas,R$ 894,Com,250 m do centro,Quarto Duplo1 cama de casal,0,0,0,Outro
Porto de Galinhas,Mana Beach Experience Muro Alto By Carpediem,R$ 1.072,Com,"6,5 km do centro","ApartamentoApartamento inteiro • 1 quarto • 1 banheiro • 1 cozinha • 29 m²3 camas (1 de solteiro, 1 de casal, 1 sofá-cama)Temos mais 7 por esse preço",0,0,0,Flat
Porto de Galinhas,Beach Class Summer condomínio resort by Carpediem,R$ 1.173,Com,"4,3 km do centro",ApartamentoApartamento inteiro • 1 quarto • 1 cozinha • 32 m²1 cama de casalTemos mais 1 por esse preço,0,0,0,Resort
Porto de Galinhas,Cais Eco Residência by Manta,R$ 2.141,Com,"7,2 km do centro","Apartamento com VarandaApartamento inteiro • 1 quarto • 1 sala • 1 cozinha • 37 m²2 camas (1 sofá-cama, 1 king-size)Cancelamento grátisTemos mais 1 por esse preço",0,0,0,Flat
Porto de Galinhas,Pousada Privê Pontal de Maracaípe,R$ 3.872,Com,"3,5 km do centro",Quarto Duplo Econômico1 cama de casalCafé da manhã incluídoCancelamento grátisTemos mais 3 por esse preço,0,0,0,Pousada
Porto de Galinhas,Pé na Vila,R$ 1.126,Com,200 m do centro,Apartamento - TérreoApartamento inteiro • 1 quarto • 1 banheiro • 1 cozinha • 20 m²1 cama de casal grandeTemos mais 1 por esse preço,0,0,0,Flat
Porto de Galinhas,Condomínio Belas Praias,R$ 1.439,Com,400 m do centro,Quarto Duplo Deluxe com Chuveiro1 cama de casalTemos mais 2 por esse preço,0,0,0,Outro
Porto de Galinhas,Praça Cinco,R$ 1.487,Com,"0,6 km do centro","Apartamento de 1 QuartoApartamento inteiro • 1 quarto • 1 sala • 1 banheiro • 1 cozinha • 29 m²2 camas (1 de casal, 1 sofá-cama)Cancelamento grátisTemos mais 3 por esse preço",0,0,0,Flat
Porto de Galinhas,Capri Residence,R$ 1.625,Com,"0,7 km do centro","Quarto DuploApartamento inteiro • 1 quarto • 1 sala • 1 banheiro • 37 m²2 camas (1 de casal, 1 sofá-cama)Cancelamento grátisTemos mais 2 por esse preço",0,0,0,Flat
Porto de Galinhas,Beira Mar Porto de Galinhas Hotel,R$ 2.700,Com,"2,2 km do centro",Quarto Duplo com Banheiro Privativo1 cama de casalCafé da manhã incluídoCancelamento grátisTemos mais 1 por esse preço,0,0,0,Outro
Porto de Galinhas,Pousada Málaga,R$ 1.353,Com,300 m do centro,Suíte StandardSuíte privativa1 cama de casalCafé da manhã incluídoCancelamento grátisTemos mais 2 por esse preço,0,0,0,Pousada
Porto de Galinhas,Marulhos resort Muro Alto,R$ 2.673,Com,"8,1 km do centro","Estúdio com VarandaEstúdio inteiro • 1 banheiro • 1 cozinha • 40 m²4 camas (2 de solteiro, 1 sofá-cama, 1 king-size)",0,0,0,Resort
Porto de Galinhas,"Luxo e conforto no Nixxus próximo ao mar, COM e SEM Piscina privativa by HM",R$ 1.166,Com,350 m do centro,"Estúdio StandardEstúdio inteiro • 1 cozinha2 camas (1 de casal, 1 sofá-cama)Temos mais 5 por esse preço",1,0,0,Outro
Porto de Galinhas,Praia Exclusive Muro Alto by Sintta,R$ 3.825,Com,"8,8 km do centro","Apartamento de 2 Quartos com VarandaApartamento inteiro • 2 quartos • 1 sala • 2 banheiros • 1 cozinha • 71 m²3 camas (2 de solteiro, 1 king-size)Cancelamento grátis",0,0,0,Flat
Porto de Galinhas,Bela Vista Beach by New Time,R$ 1.302,Com,"0,6 km do centro",Apartamento Loft de 1 Quarto Apartamento inteiro • 1 quarto • 2 banheiros • 35 m²1 cama de casal grandeCancelamento grátisTemos mais 1 por esse preço,0,0,0,Flat
Porto de Galinhas,Pousada Aconchego do Porto,R$ 1.094,Com,250 m do centro,"Quarto StandardSuíte privativa2 camas (1 de casal, 1 tipo futon)Café da manhã incluído",0,0,0,Pousada
Porto de Galinhas,Flats Angatu Porto de Galinhas PE,R$ 1.376,Com,300 m do centro,Quarto Duplo Superior1 cama de casalTemos mais 2 por esse preço,0,0,0,Flat
Porto de Galinhas,Samoa Collection - Luxo com Varanda Gourmet no Samoa Villa Resort,R$ 6.678,Com,"7,6 km do centro","Apartamento de 3 Quartos com VarandaApartamento inteiro • 3 quartos • 1 sala • 2 banheiros • 1 cozinha • 79 m²4 camas (2 de solteiro, 2 de casal)Cancelamento grátisTemos mais 2 por esse preço",0,0,0,Resort
Porto de Galinhas,Pousada Suites das Galinhas,R$ 855,Com,300 m do centro,"Quarto StandardSuíte privativa2 camas (1 de solteiro, 1 de casal)Café da manhã incluídoCancelamento grátisTemos mais 1 por esse preço",0,0,0,Pousada
Porto de Galinhas,Mirante dos Corais,R$ 1.837,Com,450 m do centro,"Quarto Triplo Standard2 camas (1 de solteiro, 1 de casal)Café da manhã incluídoTemos mais 1 por esse preço",0,0,0,Outro
Maragogi,Nami Maragogi Pousada,R$ 2.339,Com,"0,8 km do centro",Quarto Duplo Standard1 cama de casalCafé da manhã incluídoCancelamento grátis,0,0,0,Pousada
Maragogi,"PARAISO A BEIRA Mar de Antunes, conforto,Piscina,Mar e Natureza",R$ 1.050,Com,"6,4 km do centro","Quarto QuádruploApartamento inteiro • 1 quarto • 1 banheiro • 21 m²3 camas (2 de solteiro, 1 de casal)Cancelamento grátisTemos mais 1 por esse preço",1,0,0,Flat
Maragogi,Pousada Mariluz,R$ 2.394,Com,"0,8 km do centro",Quarto Duplo Standard Lateral1 cama de casalCafé da manhã incluídoCancelamento grátisTemos mais 1 por esse preço,0,0,0,Pousada
Maragogi,Pousada Villa Costeira,R$ 750,Com,1 km do centro,Quarto Duplo Pequeno1 cama de casalCafé da manhã incluídoCancelamento grátisNão requer pré-pagamento – pague na acomodaçãoTemos mais 1 por esse preço,0,0,0,Pousada
Maragogi,Pousada Portal do Maragogi,R$ 3.107,Com,"1,4 km do centro","Quarto Duplo com Varanda3 camas (1 de solteiro, 1 de casal, 1 sofá-cama)Café da manhã incluídoCancelamento grátisTemos mais 2 por esse preço",0,0,0,Pousada
Maragogi,Pousada Concha Dourada,R$ 1.345,Com,1 km do centro,Quarto duplo Concha com varanda1 cama de casalCafé da manhã incluídoCancelamento grátisTemos mais 1 por esse preço,0,0,0,Pousada
Maragogi,Pousada Xaréu Maragogi,R$ 1.491,Com,"6,8 km do centro",Quarto Duplo EconômicoSuíte privativa1 cama de casalCafé da manhã incluídoCancelamento grátisNão requer pré-pagamento – pague na acomodaçãoTemos mais 3 por esse preço,0,0,0,Pousada
Maragogi,Pousada Enero,R$ 3.570,Com,"2,1 km do centro",Quarto Duplo1 cama de casal grandeCafé da manhã incluídoCancelamento grátisTemos mais 1 por esse preço,0,0,0,Pousada
Maragogi,Maraga Bento Hotel,R$ 2.223,Com,"5,5 km do centro",Suíte de CasalSuíte privativa1 cama de casalCafé da manhã incluídoCancelamento grátisNão requer pré-pagamento – pague na acomodaçãoTemos mais 5 por esse preço,0,0,0,Outro
Maragogi,Ibis Styles Maragogi,R$ 5.805,Com,"0,9 km do centro","Quarto Standard2 camas (1 de solteiro, 1 de casal)Café da manhã incluídoCancelamento grátisNão requer pré-pagamento – pague na acomodaçãoTemos mais 7 por esse preço",0,0,0,Outro
Maragogi,Maraga Beach Hostel,R$ 809,Com,"1,1 km do centro",Quarto Duplo com Banheiro Compartilhado1 cama de casalCafé da manhã incluídoTemos mais 3 por esse preço,0,0,0,Outro
Maragogi,Paraiso do Sul Maragogi,R$ 1.576,Com,"8,3 km do centro",Apartamento - TérreoApartamento inteiro • 1 quarto • 1 sala • 1 banheiro • 1 cozinha • 50 m²1 cama de casalCancelamento grátisTemos mais 2 por esse preço,0,0,0,Flat
Maragogi,Costa Dourada Village,R$ 4.740,Com,"8,8 km do centro",SuíteSuíte privativa1 cama de casal grandeCafé da manhã incluídoCancelamento grátisTemos mais 1 por esse preço,0,0,0,Outro
Maragogi,Pousada Verdes Mares,R$ 1.008,Com,"0,8 km do centro",Quarto Duplo com Cama de Casal e Varanda1 cama de casalCafé da manhã incluídoTemos mais 1 por esse preço,0,0,0,Pousada
Maragogi,Pousada Villa Bougainville Maragogi,R$ 3.600,Com,"3,6 km do centro",Quarto Duplo Superior1 cama de casal grandeCafé da manhã incluídoCancelamento grátisTemos mais 1 por esse preço,0,0,0,Pousada
Maragogi,Casa Manoa Pousada,R$ 2.015,Com,"1,1 km do centro","Quarto Triplo2 camas (1 de solteiro, 1 de casal)Café da manhã incluídoCancelamento grátisTemos mais 1 por esse preço",0,0,0,Pousada
Maragogi,Hotel Maragogi Beach Club,R$ 3.950,Com,"8,4 km do centro",ChaléChalé inteiro • 2 quartos • 1 banheiro • 17 m²2 camas de casalCafé da manhã incluídoCancelamento grátisTemos mais 1 por esse preço,0,0,0,Outro
Maragogi,Casa Canto do Mar,R$ 4.370,Com,"2,7 km do centro","Casa de 3 QuartosCasa de temporada inteira • 3 quartos • 1 sala • 2 banheiros • 130 m²7 camas (4 de solteiro, 2 de casal, 1 sofá-cama)",0,0,0,Outro
Maragogi,Pousada Ramalio,R$ 672,Com,"0,8 km do centro",Quarto Duplo (1 Adulto + 1 Criança)1 cama de casalCancelamento grátisTemos mais 2 por esse preço,0,0,0,Pousada
Maragogi,Pousada Viva Maragogi,R$ 1.027,Com,"1,1 km do centro",Quarto Duplo Deluxe com Cama Extra Diversos tipos de camaCafé da manhã incluídoCancelamento grátisNão requer pré-pagamento – pague na acomodaçãoTemos mais 5 por esse preço,0,0,0,Pousada
Maragogi,Janga Hotel Boutique,R$ 5.506,Com,"1,2 km do centro",Quarto Deluxe com Cama Queen-size1 cama de casal grandeCafé da manhã incluídoCancelamento grátisNão requer pré-pagamento – pague na acomodaçãoTemos mais 5 por esse preço,0,0,0,Outro
Maragogi,Pousada Shalom Beach,R$ 2.650,Com,"4,5 km do centro","Quarto Duplo Standard2 camas (1 de solteiro, 1 de casal)Café da manhã incluídoCancelamento grátisTemos mais 5 por esse preço",0,0,0,Pousada
Maragogi,Pousada Maragolfinho,R$ 1.547,Com,"0,8 km do centro",Quarto Duplo1 cama de casalCafé da manhã incluídoCancelamento grátisTemos mais 2 por esse preço,0,0,0,Pousada
Maragogi,Kefi Pousada,R$ 2.000,Com,400 m do centro,Suíte com Vista do MarSuíte privativa1 cama de casal grandeCafé da manhã incluídoCancelamento grátisTemos mais 1 por esse preço,0,0,0,Pousada
Maragogi,Villa Pantai Boutique Hotel Maragogi,R$ 7.125,Com,"6,1 km do centro",Quarto Duplo Deluxe com Varanda e Vista do Mar1 cama de casal grandeCafé da manhã incluídoTemos mais 1 por esse preço,0,0,0,Outro
Maragogi,Nami Maragogi Pousada,R$ 2.339,Com,"0,8 km do centro",Quarto Duplo Standard1 cama de casalCafé da manhã incluídoCancelamento grátis,0,0,0,Pousada
Maragogi,"PARAISO A BEIRA Mar de Antunes, conforto,Piscina,Mar e Natureza",R$ 1.050,Com,"6,4 km do centro","Quarto QuádruploApartamento inteiro • 1 quarto • 1 banheiro • 21 m²3 camas (2 de solteiro, 1 de casal)Cancelamento grátisTemos mais 1 por esse preço",1,0,0,Flat
Maragogi,Pousada Mariluz,R$ 2.394,Com,"0,8 km do centro",Quarto Duplo Standard Lateral1 cama de casalCafé da manhã incluídoCancelamento grátisTemos mais 1 por esse preço,0,0,0,Pousada
Maragogi,Pousada Villa Costeira,R$ 750,Com,1 km do centro,Quarto Duplo Pequeno1 cama de casalCafé da manhã incluídoCancelamento grátisNão requer pré-pagamento – pague na acomodaçãoTemos mais 1 por esse preço,0,0,0,Pousada
Maragogi,Pousada Portal do Maragogi,R$ 3.107,Com,"1,4 km do centro","Quarto Duplo com Varanda3 camas (1 de solteiro, 1 de casal, 1 sofá-cama)Café da manhã incluídoCancelamento grátisTemos mais 2 por esse preço",0,0,0,Pousada
Maragogi,Pousada Concha Dourada,R$ 1.345,Com,1 km do centro,Quarto duplo Concha com varanda1 cama de casalCafé da manhã incluídoCancelamento grátisTemos mais 1 por esse preço,0,0,0,Pousada
Maragogi,Pousada Xaréu Maragogi,R$ 1.491,Com,"6,8 km do centro",Quarto Duplo EconômicoSuíte privativa1 cama de casalCafé da manhã incluídoCancelamento grátisNão requer pré-pagamento – pague na acomodaçãoTemos mais 3 por esse preço,0,0,0,Pousada
Maragogi,Pousada Enero,R$ 3.570,Com,"2,1 km do centro",Quarto Duplo1 cama de casal grandeCafé da manhã incluídoCancelamento grátisTemos mais 1 por esse preço,0,0,0,Pousada
Maragogi,Maraga Bento Hotel,R$ 2.223,Com,"5,5 km do centro",Suíte de CasalSuíte privativa1 cama de casalCafé da manhã incluídoCancelamento grátisNão requer pré-pagamento – pague na acomodaçãoTemos mais 5 por esse preço,0,0,0,Outro
Maragogi,Ibis Styles Maragogi,R$ 5.805,Com,"0,9 km do centro","Quarto Standard2 camas (1 de solteiro, 1 de casal)Café da manhã incluídoCancelamento grátisNão requer pré-pagamento – pague na acomodaçãoTemos mais 7 por esse preço",0,0,0,Outro
Maragogi,Maraga Beach Hostel,R$ 809,Com,"1,1 km do centro",Quarto Duplo com Banheiro Compartilhado1 cama de casalCafé da manhã incluídoTemos mais 3 por esse preço,0,0,0,Outro
Maragogi,Paraiso do Sul Maragogi,R$ 1.576,Com,"8,3 km do centro",Apartamento - TérreoApartamento inteiro • 1 quarto • 1 sala • 1 banheiro • 1 cozinha • 50 m²1 cama de casalCancelamento grátisTemos mais 2 por esse preço,0,0,0,Flat
Maragogi,Costa Dourada Village,R$ 4.740,Com,"8,8 km do centro",SuíteSuíte privativa1 cama de casal grandeCafé da manhã incluídoCancelamento grátisTemos mais 1 por esse preço,0,0,0,Outro
Maragogi,Pousada Verdes Mares,R$ 1.008,Com,"0,8 km do centro",Quarto Duplo com Cama de Casal e Varanda1 cama de casalCafé da manhã incluídoTemos mais 1 por esse preço,0,0,0,Pousada
Maragogi,Pousada Villa Bougainville Maragogi,R$ 3.600,Com,"3,6 km do centro",Quarto Duplo Superior1 cama de casal grandeCafé da manhã incluídoCancelamento grátisTemos mais 1 por esse preço,0,0,0,Pousada
Maragogi,Casa Manoa Pousada,R$ 2.015,Com,"1,1 km do centro","Quarto Triplo2 camas (1 de solteiro, 1 de casal)Café da manhã incluídoCancelamento grátisTemos mais 1 por esse preço",0,0,0,Pousada
Maragogi,Hotel Maragogi Beach Club,R$ 3.950,Com,"8,4 km do centro",ChaléChalé inteiro • 2 quartos • 1 banheiro • 17 m²2 camas de casalCafé da manhã incluídoCancelamento grátisTemos mais 1 por esse preço,0,0,0,Outro
Maragogi,Casa Canto do Mar,R$ 4.370,Com,"2,7 km do centro","Casa de 3 QuartosCasa de temporada inteira • 3 quartos • 1 sala • 2 banheiros • 130 m²7 camas (4 de solteiro, 2 de casal, 1 sofá-cama)",0,0,0,Outro
Maragogi,Pousada Ramalio,R$ 672,Com,"0,8 km do centro",Quarto Duplo (1 Adulto + 1 Criança)1 cama de casalCancelamento grátisTemos mais 2 por esse preço,0,0,0,Pousada
Maragogi,Pousada Viva Maragogi,R$ 1.027,Com,"1,1 km do centro",Quarto Duplo Deluxe com Cama Extra Diversos tipos de camaCafé da manhã incluídoCancelamento grátisNão requer pré-pagamento – pague na acomodaçãoTemos mais 5 por esse preço,0,0,0,Pousada
Maragogi,Janga Hotel Boutique,R$ 5.506,Com,"1,2 km do centro",Quarto Deluxe com Cama Queen-size1 cama de casal grandeCafé da manhã incluídoCancelamento grátisNão requer pré-pagamento – pague na acomodaçãoTemos mais 5 por esse preço,0,0,0,Outro
Maragogi,Pousada Shalom Beach,R$ 2.650,Com,"4,5 km do centro","Quarto Duplo Standard2 camas (1 de solteiro, 1 de casal)Café da manhã incluídoCancelamento grátisTemos mais 5 por esse preço",0,0,0,Pousada
Maragogi,Pousada Maragolfinho,R$ 1.547,Com,"0,8 km do centro",Quarto Duplo1 cama de casalCafé da manhã incluídoCancelamento grátisTemos mais 2 por esse preço,0,0,0,Pousada
Maragogi,Kefi Pousada,R$ 2.000,Com,400 m do centro,Suíte com Vista do MarSuíte privativa1 cama de casal grandeCafé da manhã incluídoCancelamento grátisTemos mais 1 por esse preço,0,0,0,Pousada
Maragogi,Villa Pantai Boutique Hotel Maragogi,R$ 7.125,Com,"6,1 km do centro",Quarto Duplo Deluxe com Varanda e Vista do Mar1 cama de casal grandeCafé da manhã incluídoTemos mais 1 por esse preço,0,0,0,Outro
Maragogi,Nami Maragogi Pousada,R$ 2.339,Com,"0,8 km do centro",Quarto Duplo Standard1 cama de casalCafé da manhã incluídoCancelamento grátis,0,0,0,Pousada
Maragogi,"PARAISO A BEIRA Mar de Antunes, conforto,Piscina,Mar e Natureza",R$ 1.050,Com,"6,4 km do centro","Quarto QuádruploApartamento inteiro • 1 quarto • 1 banheiro • 21 m²3 camas (2 de solteiro, 1 de casal)Cancelamento grátisTemos mais 1 por esse preço",1,0,0,Flat
Maragogi,Pousada Mariluz,R$ 2.394,Com,"0,8 km do centro",Quarto Duplo Standard Lateral1 cama de casalCafé da manhã incluídoCancelamento grátisTemos mais 1 por esse preço,0,0,0,Pousada
Maragogi,Pousada Villa Costeira,R$ 750,Com,1 km do centro,Quarto Duplo Pequeno1 cama de casalCafé da manhã incluídoCancelamento grátisNão requer pré-pagamento – pague na acomodaçãoTemos mais 1 por esse preço,0,0,0,Pousada
Maragogi,Pousada Portal do Maragogi,R$ 3.107,Com,"1,4 km do centro","Quarto Duplo com Varanda3 camas (1 de solteiro, 1 de casal, 1 sofá-cama)Café da manhã incluídoCancelamento grátisTemos mais 2 por esse preço",0,0,0,Pousada
Maragogi,Pousada Concha Dourada,R$ 1.345,Com,1 km do centro,Quarto duplo Concha com varanda1 cama de casalCafé da manhã incluídoCancelamento grátisTemos mais 1 por esse preço,0,0,0,Pousada
Maragogi,Pousada Xaréu Maragogi,R$ 1.491,Com,"6,8 km do centro",Quarto Duplo EconômicoSuíte privativa1 cama de casalCafé da manhã incluídoCancelamento grátisNão requer pré-pagamento – pague na acomodaçãoTemos mais 3 por esse preço,0,0,0,Pousada
Maragogi,Pousada Enero,R$ 3.570,Com,"2,1 km do centro",Quarto Duplo1 cama de casal grandeCafé da manhã incluídoCancelamento grátisTemos mais 1 por esse preço,0,0,0,Pousada
Maragogi,Maraga Bento Hotel,R$ 2.223,Com,"5,5 km do centro",Suíte de CasalSuíte privativa1 cama de casalCafé da manhã incluídoCancelamento grátisNão requer pré-pagamento – pague na acomodaçãoTemos mais 5 por esse preço,0,0,0,Outro
Maragogi,Ibis Styles Maragogi,R$ 5.805,Com,"0,9 km do centro","Quarto Standard2 camas (1 de solteiro, 1 de casal)Café da manhã incluídoCancelamento grátisNão requer pré-pagamento – pague na acomodaçãoTemos mais 7 por esse preço",0,0,0,Outro
Maragogi,Maraga Beach Hostel,R$ 809,Com,"1,1 km do centro",Quarto Duplo com Banheiro Compartilhado1 cama de casalCafé da manhã incluídoTemos mais 3 por esse preço,0,0,0,Outro
Maragogi,Paraiso do Sul Maragogi,R$ 1.576,Com,"8,3 km do centro",Apartamento - TérreoApartamento inteiro • 1 quarto • 1 sala • 1 banheiro • 1 cozinha • 50 m²1 cama de casalCancelamento grátisTemos mais 2 por esse preço,0,0,0,Flat
Maragogi,Costa Dourada Village,R$ 4.740,Com,"8,8 km do centro",SuíteSuíte privativa1 cama de casal grandeCafé da manhã incluídoCancelamento grátisTemos mais 1 por esse preço,0,0,0,Outro
Maragogi,Pousada Verdes Mares,R$ 1.008,Com,"0,8 km do centro",Quarto Duplo com Cama de Casal e Varanda1 cama de casalCafé da manhã incluídoTemos mais 1 por esse preço,0,0,0,Pousada
Maragogi,Pousada Villa Bougainville Maragogi,R$ 3.600,Com,"3,6 km do centro",Quarto Duplo Superior1 cama de casal grandeCafé da manhã incluídoCancelamento grátisTemos mais 1 por esse preço,0,0,0,Pousada
Maragogi,Casa Manoa Pousada,R$ 2.015,Com,"1,1 km do centro","Quarto Triplo2 camas (1 de solteiro, 1 de casal)Café da manhã incluídoCancelamento grátisTemos mais 1 por esse preço",0,0,0,Pousada
Maragogi,Hotel Maragogi Beach Club,R$ 3.950,Com,"8,4 km do centro",ChaléChalé inteiro • 2 quartos • 1 banheiro • 17 m²2 camas de casalCafé da manhã incluídoCancelamento grátisTemos mais 1 por esse preço,0,0,0,Outro
Maragogi,Casa Canto do Mar,R$ 4.370,Com,"2,7 km do centro","Casa de 3 QuartosCasa de temporada inteira • 3 quartos • 1 sala • 2 banheiros • 130 m²7 camas (4 de solteiro, 2 de casal, 1 sofá-cama)",0,0,0,Outro
Maragogi,Pousada Ramalio,R$ 672,Com,"0,8 km do centro",Quarto Duplo (1 Adulto + 1 Criança)1 cama de casalCancelamento grátisTemos mais 2 por esse preço,0,0,0,Pousada
Maragogi,Pousada Viva Maragogi,R$ 1.027,Com,"1,1 km do centro",Quarto Duplo Deluxe com Cama Extra Diversos tipos de camaCafé da manhã incluídoCancelamento grátisNão requer pré-pagamento – pague na acomodaçãoTemos mais 5 por esse preço,0,0,0,Pousada
Maragogi,Janga Hotel Boutique,R$ 5.506,Com,"1,2 km do centro",Quarto Deluxe com Cama Queen-size1 cama de casal grandeCafé da manhã incluídoCancelamento grátisNão requer pré-pagamento – pague na acomodaçãoTemos mais 5 por esse preço,0,0,0,Outro
Maragogi,Pousada Shalom Beach,R$ 2.650,Com,"4,5 km do centro","Quarto Duplo Standard2 camas (1 de solteiro, 1 de casal)Café da manhã incluídoCancelamento grátisTemos mais 5 por esse preço",0,0,0,Pousada
Maragogi,Pousada Maragolfinho,R$ 1.547,Com,"0,8 km do centro",Quarto Duplo1 cama de casalCafé da manhã incluídoCancelamento grátisTemos mais 2 por esse preço,0,0,0,Pousada
Maragogi,Kefi Pousada,R$ 2.000,Com,400 m do centro,Suíte com Vista do MarSuíte privativa1 cama de casal grandeCafé da manhã incluídoCancelamento grátisTemos mais 1 por esse preço,0,0,0,Pousada
Maragogi,Villa Pantai Boutique Hotel Maragogi,R$ 7.125,Com,"6,1 km do centro",Quarto Duplo Deluxe com Varanda e Vista do Mar1 cama de casal grandeCafé da manhã incluídoTemos mais 1 por esse preço,0,0,0,Outro
Maragogi,Nami Maragogi Pousada,R$ 2.339,Com,"0,8 km do centro",Quarto Duplo Standard1 cama de casalCafé da manhã incluídoCancelamento grátis,0,0,0,Pousada
Maragogi,"PARAISO A BEIRA Mar de Antunes, conforto,Piscina,Mar e Natureza",R$ 1.050,Com,"6,4 km do centro","Quarto QuádruploApartamento inteiro • 1 quarto • 1 banheiro • 21 m²3 camas (2 de solteiro, 1 de casal)Cancelamento grátisTemos mais 1 por esse preço",1,0,0,Flat
Maragogi,Pousada Mariluz,R$ 2.394,Com,"0,8 km do centro",Quarto Duplo Standard Lateral1 cama de casalCafé da manhã incluídoCancelamento grátisTemos mais 1 por esse preço,0,0,0,Pousada
Maragogi,Pousada Villa Costeira,R$ 750,Com,1 km do centro,Quarto Duplo Pequeno1 cama de casalCafé da manhã incluídoCancelamento grátisNão requer pré-pagamento – pague na acomodaçãoTemos mais 1 por esse preço,0,0,0,Pousada
Maragogi,Pousada Portal do Maragogi,R$ 3.107,Com,"1,4 km do centro","Quarto Duplo com Varanda3 camas (1 de solteiro, 1 de casal, 1 sofá-cama)Café da manhã incluídoCancelamento grátisTemos mais 2 por esse preço",0,0,0,Pousada
Maragogi,Pousada Concha Dourada,R$ 1.345,Com,1 km do centro,Quarto duplo Concha com varanda1 cama de casalCafé da manhã incluídoCancelamento grátisTemos mais 1 por esse preço,0,0,0,Pousada
Maragogi,Pousada Xaréu Maragogi,R$ 1.491,Com,"6,8 km do centro",Quarto Duplo EconômicoSuíte privativa1 cama de casalCafé da manhã incluídoCancelamento grátisNão requer pré-pagamento – pague na acomodaçãoTemos mais 3 por esse preço,0,0,0,Pousada
Maragogi,Pousada Enero,R$ 3.570,Com,"2,1 km do centro",Quarto Duplo1 cama de casal grandeCafé da manhã incluídoCancelamento grátisTemos mais 1 por esse preço,0,0,0,Pousada
Maragogi,Maraga Bento Hotel,R$ 2.223,Com,"5,5 km do centro",Suíte de CasalSuíte privativa1 cama de casalCafé da manhã incluídoCancelamento grátisNão requer pré-pagamento – pague na acomodaçãoTemos mais 5 por esse preço,0,0,0,Outro
Maragogi,Ibis Styles Maragogi,R$ 5.805,Com,"0,9 km do centro","Quarto Standard2 camas (1 de solteiro, 1 de casal)Café da manhã incluídoCancelamento grátisNão requer pré-pagamento – pague na acomodaçãoTemos mais 7 por esse preço",0,0,0,Outro
Maragogi,Maraga Beach Hostel,R$ 809,Com,"1,1 km do centro",Quarto Duplo com Banheiro Compartilhado1 cama de casalCafé da manhã incluídoTemos mais 3 por esse preço,0,0,0,Outro
Maragogi,Paraiso do Sul Maragogi,R$ 1.576,Com,"8,3 km do centro",Apartamento - TérreoApartamento inteiro • 1 quarto • 1 sala • 1 banheiro • 1 cozinha • 50 m²1 cama de casalCancelamento grátisTemos mais 2 por esse preço,0,0,0,Flat
Maragogi,Costa Dourada Village,R$ 4.740,Com,"8,8 km do centro",SuíteSuíte privativa1 cama de casal grandeCafé da manhã incluídoCancelamento grátisTemos mais 1 por esse preço,0,0,0,Outro
Maragogi,Pousada Verdes Mares,R$ 1.008,Com,"0,8 km do centro",Quarto Duplo com Cama de Casal e Varanda1 cama de casalCafé da manhã incluídoTemos mais 1 por esse preço,0,0,0,Pousada
Maragogi,Pousada Villa Bougainville Maragogi,R$ 3.600,Com,"3,6 km do centro",Quarto Duplo Superior1 cama de casal grandeCafé da manhã incluídoCancelamento grátisTemos mais 1 por esse preço,0,0,0,Pousada
Maragogi,Casa Manoa Pousada,R$ 2.015,Com,"1,1 km do centro","Quarto Triplo2 camas (1 de solteiro, 1 de casal)Café da manhã incluídoCancelamento grátisTemos mais 1 por esse preço",0,0,0,Pousada
Maragogi,Hotel Maragogi Beach Club,R$ 3.950,Com,"8,4 km do centro",ChaléChalé inteiro • 2 quartos • 1 banheiro • 17 m²2 camas de casalCafé da manhã incluídoCancelamento grátisTemos mais 1 por esse preço,0,0,0,Outro
Maragogi,Casa Canto do Mar,R$ 4.370,Com,"2,7 km do centro","Casa de 3 QuartosCasa de temporada inteira • 3 quartos • 1 sala • 2 banheiros • 130 m²7 camas (4 de solteiro, 2 de casal, 1 sofá-cama)",0,0,0,Outro
Maragogi,Pousada Ramalio,R$ 672,Com,"0,8 km do centro",Quarto Duplo (1 Adulto + 1 Criança)1 cama de casalCancelamento grátisTemos mais 2 por esse preço,0,0,0,Pousada
Maragogi,Pousada Viva Maragogi,R$ 1.027,Com,"1,1 km do centro",Quarto Duplo Deluxe com Cama Extra Diversos tipos de camaCafé da manhã incluídoCancelamento grátisNão requer pré-pagamento – pague na acomodaçãoTemos mais 5 por esse preço,0,0,0,Pousada
Maragogi,Janga Hotel Boutique,R$ 5.506,Com,"1,2 km do centro",Quarto Deluxe com Cama Queen-size1 cama de casal grandeCafé da manhã incluídoCancelamento grátisNão requer pré-pagamento – pague na acomodaçãoTemos mais 5 por esse preço,0,0,0,Outro
Maragogi,Pousada Shalom Beach,R$ 2.650,Com,"4,5 km do centro","Quarto Duplo Standard2 camas (1 de solteiro, 1 de casal)Café da manhã incluídoCancelamento grátisTemos mais 5 por esse preço",0,0,0,Pousada
Maragogi,Pousada Maragolfinho,R$ 1.547,Com,"0,8 km do centro",Quarto Duplo1 cama de casalCafé da manhã incluídoCancelamento grátisTemos mais 2 por esse preço,0,0,0,Pousada
Maragogi,Kefi Pousada,R$ 2.000,Com,400 m do centro,Suíte com Vista do MarSuíte privativa1 cama de casal grandeCafé da manhã incluídoCancelamento grátisTemos mais 1 por esse preço,0,0,0,Pousada
Maragogi,Villa Pantai Boutique Hotel Maragogi,R$ 7.125,Com,"6,1 km do centro",Quarto Duplo Deluxe com Varanda e Vista do Mar1 cama de casal grandeCafé da manhã incluídoTemos mais 1 por esse preço,0,0,0,Outro
Maragogi,Nami Maragogi Pousada,R$ 2.339,Com,"0,8 km do centro",Quarto Duplo Standard1 cama de casalCafé da manhã incluídoCancelamento grátis,0,0,0,Pousada
Maragogi,"PARAISO A BEIRA Mar de Antunes, conforto,Piscina,Mar e Natureza",R$ 1.050,Com,"6,4 km do centro","Quarto QuádruploApartamento inteiro • 1 quarto • 1 banheiro • 21 m²3 camas (2 de solteiro, 1 de casal)Cancelamento grátisTemos mais 1 por esse preço",1,0,0,Flat
Maragogi,Pousada Mariluz,R$ 2.394,Com,"0,8 km do centro",Quarto Duplo Standard Lateral1 cama de casalCafé da manhã incluídoCancelamento grátisTemos mais 1 por esse preço,0,0,0,Pousada
Maragogi,Pousada Villa Costeira,R$ 750,Com,1 km do centro,Quarto Duplo Pequeno1 cama de casalCafé da manhã incluídoCancelamento grátisNão requer pré-pagamento – pague na acomodaçãoTemos mais 1 por esse preço,0,0,0,Pousada
Maragogi,Pousada Portal do Maragogi,R$ 3.107,Com,"1,4 km do centro","Quarto Duplo com Varanda3 camas (1 de solteiro, 1 de casal, 1 sofá-cama)Café da manhã incluídoCancelamento grátisTemos mais 2 por esse preço",0,0,0,Pousada
Maragogi,Pousada Concha Dourada,R$ 1.345,Com,1 km do centro,Quarto duplo Concha com varanda1 cama de casalCafé da manhã incluídoCancelamento grátisTemos mais 1 por esse preço,0,0,0,Pousada
Maragogi,Pousada Xaréu Maragogi,R$ 1.491,Com,"6,8 km do centro",Quarto Duplo EconômicoSuíte privativa1 cama de casalCafé da manhã incluídoCancelamento grátisNão requer pré-pagamento – pague na acomodaçãoTemos mais 3 por esse preço,0,0,0,Pousada
Maragogi,Pousada Enero,R$ 3.570,Com,"2,1 km do centro",Quarto Duplo1 cama de casal grandeCafé da manhã incluídoCancelamento grátisTemos mais 1 por esse preço,0,0,0,Pousada
Maragogi,Maraga Bento Hotel,R$ 2.223,Com,"5,5 km do centro",Suíte de CasalSuíte privativa1 cama de casalCafé da manhã incluídoCancelamento grátisNão requer pré-pagamento – pague na acomodaçãoTemos mais 5 por esse preço,0,0,0,Outro
Maragogi,Ibis Styles Maragogi,R$ 5.805,Com,"0,9 km do centro","Quarto Standard2 camas (1 de solteiro, 1 de casal)Café da manhã incluídoCancelamento grátisNão requer pré-pagamento – pague na acomodaçãoTemos mais 7 por esse preço",0,0,0,Outro
Maragogi,Maraga Beach Hostel,R$ 809,Com,"1,1 km do centro",Quarto Duplo com Banheiro Compartilhado1 cama de casalCafé da manhã incluídoTemos mais 3 por esse preço,0,0,0,Outro
Maragogi,Paraiso do Sul Maragogi,R$ 1.576,Com,"8,3 km do centro",Apartamento - TérreoApartamento inteiro • 1 quarto • 1 sala • 1 banheiro • 1 cozinha • 50 m²1 cama de casalCancelamento grátisTemos mais 2 por esse preço,0,0,0,Flat
Maragogi,Costa Dourada Village,R$ 4.740,Com,"8,8 km do centro",SuíteSuíte privativa1 cama de casal grandeCafé da manhã incluídoCancelamento grátisTemos mais 1 por esse preço,0,0,0,Outro
Maragogi,Pousada Verdes Mares,R$ 1.008,Com,"0,8 km do centro",Quarto Duplo com Cama de Casal e Varanda1 cama de casalCafé da manhã incluídoTemos mais 1 por esse preço,0,0,0,Pousada
Maragogi,Pousada Villa Bougainville Maragogi,R$ 3.600,Com,"3,6 km do centro",Quarto Duplo Superior1 cama de casal grandeCafé da manhã incluídoCancelamento grátisTemos mais 1 por esse preço,0,0,0,Pousada
Maragogi,Casa Manoa Pousada,R$ 2.015,Com,"1,1 km do centro","Quarto Triplo2 camas (1 de solteiro, 1 de casal)Café da manhã incluídoCancelamento grátisTemos mais 1 por esse preço",0,0,0,Pousada
Maragogi,Hotel Maragogi Beach Club,R$ 3.950,Com,"8,4 km do centro",ChaléChalé inteiro • 2 quartos • 1 banheiro • 17 m²2 camas de casalCafé da manhã incluídoCancelamento grátisTemos mais 1 por esse preço,0,0,0,Outro
Maragogi,Casa Canto do Mar,R$ 4.370,Com,"2,7 km do centro","Casa de 3 QuartosCasa de temporada inteira • 3 quartos • 1 sala • 2 banheiros • 130 m²7 camas (4 de solteiro, 2 de casal, 1 sofá-cama)",0,0,0,Outro
Maragogi,Pousada Ramalio,R$ 672,Com,"0,8 km do centro",Quarto Duplo (1 Adulto + 1 Criança)1 cama de casalCancelamento grátisTemos mais 2 por esse preço,0,0,0,Pousada
Maragogi,Pousada Viva Maragogi,R$ 1.027,Com,"1,1 km do centro",Quarto Duplo Deluxe com Cama Extra Diversos tipos de camaCafé da manhã incluídoCancelamento grátisNão requer pré-pagamento – pague na acomodaçãoTemos mais 5 por esse preço,0,0,0,Pousada
Maragogi,Janga Hotel Boutique,R$ 5.506,Com,"1,2 km do centro",Quarto Deluxe com Cama Queen-size1 cama de casal grandeCafé da manhã incluídoCancelamento grátisNão requer pré-pagamento – pague na acomodaçãoTemos mais 5 por esse preço,0,0,0,Outro
Maragogi,Pousada Shalom Beach,R$ 2.650,Com,"4,5 km do centro","Quarto Duplo Standard2 camas (1 de solteiro, 1 de casal)Café da manhã incluídoCancelamento grátisTemos mais 5 por esse preço",0,0,0,Pousada
Maragogi,Pousada Maragolfinho,R$ 1.547,Com,"0,8 km do centro",Quarto Duplo1 cama de casalCafé da manhã incluídoCancelamento grátisTemos mais 2 por esse preço,0,0,0,Pousada
Maragogi,Kefi Pousada,R$ 2.000,Com,400 m do centro,Suíte com Vista do MarSuíte privativa1 cama de casal grandeCafé da manhã incluídoCancelamento grátisTemos mais 1 por esse preço,0,0,0,Pousada
Maragogi,Villa Pantai Boutique Hotel Maragogi,R$ 7.125,Com,"6,1 km do centro",Quarto Duplo Deluxe com Varanda e Vista do Mar1 cama de casal grandeCafé da manhã incluídoTemos mais 1 por esse preço,0,0,0,Outro
Pipa,Pipa Mar Hotel,R$ 2.240,Com,500 m do centro,Quarto Duplo Standard1 cama de casalCafé da manhã incluídoCancelamento grátisNão requer pré-pagamento – pague na acomodação,0,0,0,Outro
Pipa,POUSADA LA BELLE D'JOUR - PIPA/RN,R$ 1.250,Com,"0,8 km do centro",Quarto Duplo1 cama de casal extragrandeTemos mais 2 por esse preço,0,0,0,Pousada
Pipa,Pousada Sol Da Pipa,R$ 953,Com,"0,5 km do centro",Quarto Duplo Pequeno1 cama de casalCafé da manhã incluídoTemos mais 1 por esse preço,0,0,0,Pousada
Pipa,Pousada Vila Corada,R$ 3.551,Com,"5,7 km do centro",Quarto Duplo Deluxe1 cama de casal grandeCafé da manhã incluídoCancelamento grátisTemos mais 1 por esse preço,0,0,0,Pousada
Pipa,Flor da Mata,R$ 1.930,Com,300 m do centro,Apartamento de 1 QuartoApartamento inteiro • 1 quarto • 1 banheiro • 1 cozinha • 50 m²1 cama de casal grandeTemos mais 4 por esse preço,0,0,0,Flat
Pipa,Pousada Mar e Sol,R$ 1.056,Com,150 m do centro,Quarto Duplo2 camas de solteiroCafé da manhã incluídoTemos mais 1 por esse preço,0,0,0,Pousada
Pipa,Catavento da Pipa,R$ 2.064,Com,200 m do centro,Quarto Duplo Standard com Varanda1 cama de casal grandeCancelamento grátis,0,0,0,Outro
Pipa,Pipa Brisas do Amor,R$ 1.500,Com,1 km do centro,"Apartamento StandardApartamento inteiro • 2 quartos • 1 sala • 1 banheiro • 1 cozinha • 60 m²3 camas (1 sofá-cama, 2 king-size)Temos mais 1 por esse preço",0,0,0,Flat
Pipa,Oka Da Mata,R$ 3.975,Com,"1,9 km do centro",Suíte com Vista do JardimDiversos tipos de camaCafé da manhã incluídoCancelamento grátisTemos mais 1 por esse preço,0,0,0,Outro
Pipa,Sol da pipa - suítes,R$ 910,Com,250 m do centro,Quarto Duplo Deluxe1 cama de casal grandeCafé da manhã incluídoTemos mais 3 por esse preço,0,0,0,Outro
Pipa,Pousada Império do Sol,R$ 1.216,Com,"1,1 km do centro",Chalé (2 Adultos)1 cama de casalCafé da manhã incluídoTemos mais 3 por esse preço,0,0,0,Pousada
Pipa,Pousada Waikiki Boutique,R$ 1.900,Com,300 m do centro,"Quarto Família4 camas (2 de solteiro, 1 de casal, 1 tipo futon)Café da manhã incluídoTemos mais 3 por esse preço",0,0,0,Pousada
Pipa,île de Pipa - Ma Plage Hotel,R$ 5.717,Com,"0,6 km do centro","Suíte StandardSuíte privativa2 camas (1 de casal extragrande, 1 sofá-cama)Café da manhã incluídoCancelamento grátisTemos mais 3 por esse preço",0,0,0,Outro
Pipa,Hotel Casablanca,R$ 3.334,Com,"6,5 km do centro",Bangalô (2 Adultos)Bangalô inteiro • 1 quarto • 1 banheiro • 64 m²1 cama de casal grandeCafé da manhã incluídoTemos mais 1 por esse preço,0,0,0,Outro
Pipa,Vila Alemã,R$ 1.909,Com,300 m do centro,Quarto Duplo com Terraço1 cama de casal grandeCafé da manhã incluídoTemos mais 1 por esse preço,0,0,0,Outro
Pipa,Hotel Tibau Lagoa,R$ 1.855,Com,"7,1 km do centro",Chalé Master DuploBangalô inteiro • 1 quarto • 1 banheiro • 52 m²1 cama de casal grandeCafé da manhã incluídoTemos mais 3 por esse preço,0,0,0,Outro
Pipa,Kilombo Villas & Spa,R$ 6.780,Com,5 km do centro,Suíte Deluxe com Banheira de HidromassagemSuíte privativa1 cama de casal extragrandeCafé da manhã incluídoTemos mais 1 por esse preço,0,0,0,Outro
Pipa,Harmonia Flats,R$ 2.115,Com,"0,6 km do centro","ApartamentoApartamento inteiro • 1 quarto • 1 sala • 1 banheiro • 1 cozinha • 45 m²3 camas (2 de solteiro, 1 de casal)Café da manhã incluídoTemos mais 2 por esse preço",0,0,0,Flat
Pipa,Solar Água Apartaments,R$ 1.404,Com,500 m do centro,"Estúdio Duplo DeluxeEstúdio inteiro • 1 banheiro • 1 cozinha • 45 m²3 camas (2 de solteiro, 1 king-size)Temos mais 1 por esse preço",0,0,0,Outro
Pipa,Hotel Ponta do Madeiro,R$ 5.775,Com,"3,6 km do centro","Apartamento DeluxeSuíte privativa2 camas (1 de solteiro, 1 de casal extragrande)Café da manhã incluídoTemos mais 2 por esse preço",0,0,0,Flat
Pipa,Pousada Berro do Jeguy,R$ 2.540,Com,"0,7 km do centro",Quarto Duplo Standard1 cama de casalCafé da manhã incluídoTemos mais 2 por esse preço,0,0,0,Pousada
Pipa,Flat a 450 metros do centro - Praia da Pipa,R$ 3.060,Com,250 m do centro,"Apartamento de 2 QuartosApartamento inteiro • 2 quartos • 1 sala • 2 banheiros • 1 cozinha • 80 m²7 camas (2 de solteiro, 1 de casal, 4 sofás-cama)",0,0,0,Flat
Pipa,Sombra e Água Fresca Floresta,R$ 5.356,Com,450 m do centro,"Suíte ExecutivaSuíte privativa2 camas (1 de solteiro, 1 de casal extragrande)Café da manhã incluídoTemos mais 6 por esse preço",0,0,0,Outro
Pipa,Oceana Suites Villas de Tibau,R$ 1.095,Com,"6,8 km do centro","SuíteSuíte privativa • 2 quartos • 1 banheiro3 camas (2 de solteiro, 1 de casal)Cancelamento grátisTemos mais 1 por esse preço",0,0,0,Outro
Pipa,Solar Água Pipa - Summer Hospedagem,R$ 1.919,Com,450 m do centro,"Apartamento StandardApartamento inteiro • 1 quarto • 1 sala • 1 banheiro • 1 cozinha • 38 m²2 camas (1 de casal, 1 sofá-cama)Temos mais 1 por esse preço",0,0,0,Flat
Pipa,Pipa Mar Hotel,R$ 2.240,Com,500 m do centro,Quarto Duplo Standard1 cama de casalCafé da manhã incluídoCancelamento grátisNão requer pré-pagamento – pague na acomodação,0,0,0,Outro
Pipa,POUSADA LA BELLE D'JOUR - PIPA/RN,R$ 1.250,Com,"0,8 km do centro",Quarto Duplo1 cama de casal extragrandeTemos mais 2 por esse preço,0,0,0,Pousada
Pipa,Pousada Sol Da Pipa,R$ 953,Com,"0,5 km do centro",Quarto Duplo Pequeno1 cama de casalCafé da manhã incluídoTemos mais 1 por esse preço,0,0,0,Pousada
Pipa,Pousada Vila Corada,R$ 3.551,Com,"5,7 km do centro",Quarto Duplo Deluxe1 cama de casal grandeCafé da manhã incluídoCancelamento grátisTemos mais 1 por esse preço,0,0,0,Pousada
Pipa,Flor da Mata,R$ 1.930,Com,300 m do centro,Apartamento de 1 QuartoApartamento inteiro • 1 quarto • 1 banheiro • 1 cozinha • 50 m²1 cama de casal grandeTemos mais 4 por esse preço,0,0,0,Flat
Pipa,Pousada Mar e Sol,R$ 1.056,Com,150 m do centro,Quarto Duplo2 camas de solteiroCafé da manhã incluídoTemos mais 1 por esse preço,0,0,0,Pousada
Pipa,Catavento da Pipa,R$ 2.064,Com,200 m do centro,Quarto Duplo Standard com Varanda1 cama de casal grandeCancelamento grátis,0,0,0,Outro
Pipa,Pipa Brisas do Amor,R$ 1.500,Com,1 km do centro,"Apartamento StandardApartamento inteiro • 2 quartos • 1 sala • 1 banheiro • 1 cozinha • 60 m²3 camas (1 sofá-cama, 2 king-size)Temos mais 1 por esse preço",0,0,0,Flat
Pipa,Oka Da Mata,R$ 3.975,Com,"1,9 km do centro",Suíte com Vista do JardimDiversos tipos de camaCafé da manhã incluídoCancelamento grátisTemos mais 1 por esse preço,0,0,0,Outro
Pipa,Sol da pipa - suítes,R$ 910,Com,250 m do centro,Quarto Duplo Deluxe1 cama de casal grandeCafé da manhã incluídoTemos mais 3 por esse preço,0,0,0,Outro
Pipa,Pousada Império do Sol,R$ 1.216,Com,"1,1 km do centro",Chalé (2 Adultos)1 cama de casalCafé da manhã incluídoTemos mais 3 por esse preço,0,0,0,Pousada
Pipa,Pousada Waikiki Boutique,R$ 1.900,Com,300 m do centro,"Quarto Família4 camas (2 de solteiro, 1 de casal, 1 tipo futon)Café da manhã incluídoTemos mais 3 por esse preço",0,0,0,Pousada
Pipa,île de Pipa - Ma Plage Hotel,R$ 5.717,Com,"0,6 km do centro","Suíte StandardSuíte privativa2 camas (1 de casal extragrande, 1 sofá-cama)Café da manhã incluídoCancelamento grátisTemos mais 3 por esse preço",0,0,0,Outro
Pipa,Hotel Casablanca,R$ 3.334,Com,"6,5 km do centro",Bangalô (2 Adultos)Bangalô inteiro • 1 quarto • 1 banheiro • 64 m²1 cama de casal grandeCafé da manhã incluídoTemos mais 1 por esse preço,0,0,0,Outro
Pipa,Vila Alemã,R$ 1.909,Com,300 m do centro,Quarto Duplo com Terraço1 cama de casal grandeCafé da manhã incluídoTemos mais 1 por esse preço,0,0,0,Outro
Pipa,Hotel Tibau Lagoa,R$ 1.855,Com,"7,1 km do centro",Chalé Master DuploBangalô inteiro • 1 quarto • 1 banheiro • 52 m²1 cama de casal grandeCafé da manhã incluídoTemos mais 3 por esse preço,0,0,0,Outro
Pipa,Kilombo Villas & Spa,R$ 6.780,Com,5 km do centro,Suíte Deluxe com Banheira de HidromassagemSuíte privativa1 cama de casal extragrandeCafé da manhã incluídoTemos mais 1 por esse preço,0,0,0,Outro
Pipa,Harmonia Flats,R$ 2.115,Com,"0,6 km do centro","ApartamentoApartamento inteiro • 1 quarto • 1 sala • 1 banheiro • 1 cozinha • 45 m²3 camas (2 de solteiro, 1 de casal)Café da manhã incluídoTemos mais 2 por esse preço",0,0,0,Flat
Pipa,Solar Água Apartaments,R$ 1.404,Com,500 m do centro,"Estúdio Duplo DeluxeEstúdio inteiro • 1 banheiro • 1 cozinha • 45 m²3 camas (2 de solteiro, 1 king-size)Temos mais 1 por esse preço",0,0,0,Outro
Pipa,Hotel Ponta do Madeiro,R$ 5.775,Com,"3,6 km do centro","Apartamento DeluxeSuíte privativa2 camas (1 de solteiro, 1 de casal extragrande)Café da manhã incluídoTemos mais 2 por esse preço",0,0,0,Flat
Pipa,Pousada Berro do Jeguy,R$ 2.540,Com,"0,7 km do centro",Quarto Duplo Standard1 cama de casalCafé da manhã incluídoTemos mais 2 por esse preço,0,0,0,Pousada
Pipa,Flat a 450 metros do centro - Praia da Pipa,R$ 3.060,Com,250 m do centro,"Apartamento de 2 QuartosApartamento inteiro • 2 quartos • 1 sala • 2 banheiros • 1 cozinha • 80 m²7 camas (2 de solteiro, 1 de casal, 4 sofás-cama)",0,0,0,Flat
Pipa,Sombra e Água Fresca Floresta,R$ 5.356,Com,450 m do centro,"Suíte ExecutivaSuíte privativa2 camas (1 de solteiro, 1 de casal extragrande)Café da manhã incluídoTemos mais 6 por esse preço",0,0,0,Outro
Pipa,Oceana Suites Villas de Tibau,R$ 1.095,Com,"6,8 km do centro","SuíteSuíte privativa • 2 quartos • 1 banheiro3 camas (2 de solteiro, 1 de casal)Cancelamento grátisTemos mais 1 por esse preço",0,0,0,Outro
Pipa,Solar Água Pipa - Summer Hospedagem,R$ 1.919,Com,450 m do centro,"Apartamento StandardApartamento inteiro • 1 quarto • 1 sala • 1 banheiro • 1 cozinha • 38 m²2 camas (1 de casal, 1 sofá-cama)Temos mais 1 por esse preço",0,0,0,Flat
Pipa,Pipa Mar Hotel,R$ 2.240,Com,500 m do centro,Quarto Duplo Standard1 cama de casalCafé da manhã incluídoCancelamento grátisNão requer pré-pagamento – pague na acomodação,0,0,0,Outro
Pipa,POUSADA LA BELLE D'JOUR - PIPA/RN,R$ 1.250,Com,"0,8 km do centro",Quarto Duplo1 cama de casal extragrandeTemos mais 2 por esse preço,0,0,0,Pousada
Pipa,Pousada Sol Da Pipa,R$ 953,Com,"0,5 km do centro",Quarto Duplo Pequeno1 cama de casalCafé da manhã incluídoTemos mais 1 por esse preço,0,0,0,Pousada
Pipa,Pousada Vila Corada,R$ 3.551,Com,"5,7 km do centro",Quarto Duplo Deluxe1 cama de casal grandeCafé da manhã incluídoCancelamento grátisTemos mais 1 por esse preço,0,0,0,Pousada
Pipa,Flor da Mata,R$ 1.930,Com,300 m do centro,Apartamento de 1 QuartoApartamento inteiro • 1 quarto • 1 banheiro • 1 cozinha • 50 m²1 cama de casal grandeTemos mais 4 por esse preço,0,0,0,Flat
Pipa,Pousada Mar e Sol,R$ 1.056,Com,150 m do centro,Quarto Duplo2 camas de solteiroCafé da manhã incluídoTemos mais 1 por esse preço,0,0,0,Pousada
Pipa,Catavento da Pipa,R$ 2.064,Com,200 m do centro,Quarto Duplo Standard com Varanda1 cama de casal grandeCancelamento grátis,0,0,0,Outro
Pipa,Pipa Brisas do Amor,R$ 1.500,Com,1 km do centro,"Apartamento StandardApartamento inteiro • 2 quartos • 1 sala • 1 banheiro • 1 cozinha • 60 m²3 camas (1 sofá-cama, 2 king-size)Temos mais 1 por esse preço",0,0,0,Flat
Pipa,Oka Da Mata,R$ 3.975,Com,"1,9 km do centro",Suíte com Vista do JardimDiversos tipos de camaCafé da manhã incluídoCancelamento grátisTemos mais 1 por esse preço,0,0,0,Outro
Pipa,Sol da pipa - suítes,R$ 910,Com,250 m do centro,Quarto Duplo Deluxe1 cama de casal grandeCafé da manhã incluídoTemos mais 3 por esse preço,0,0,0,Outro
Pipa,Pousada Império do Sol,R$ 1.216,Com,"1,1 km do centro",Chalé (2 Adultos)1 cama de casalCafé da manhã incluídoTemos mais 3 por esse preço,0,0,0,Pousada
Pipa,Pousada Waikiki Boutique,R$ 1.900,Com,300 m do centro,"Quarto Família4 camas (2 de solteiro, 1 de casal, 1 tipo futon)Café da manhã incluídoTemos mais 3 por esse preço",0,0,0,Pousada
Pipa,île de Pipa - Ma Plage Hotel,R$ 5.717,Com,"0,6 km do centro","Suíte StandardSuíte privativa2 camas (1 de casal extragrande, 1 sofá-cama)Café da manhã incluídoCancelamento grátisTemos mais 3 por esse preço",0,0,0,Outro
Pipa,Hotel Casablanca,R$ 3.334,Com,"6,5 km do centro",Bangalô (2 Adultos)Bangalô inteiro • 1 quarto • 1 banheiro • 64 m²1 cama de casal grandeCafé da manhã incluídoTemos mais 1 por esse preço,0,0,0,Outro
Pipa,Vila Alemã,R$ 1.909,Com,300 m do centro,Quarto Duplo com Terraço1 cama de casal grandeCafé da manhã incluídoTemos mais 1 por esse preço,0,0,0,Outro
Pipa,Hotel Tibau Lagoa,R$ 1.855,Com,"7,1 km do centro",Chalé Master DuploBangalô inteiro • 1 quarto • 1 banheiro • 52 m²1 cama de casal grandeCafé da manhã incluídoTemos mais 3 por esse preço,0,0,0,Outro
Pipa,Kilombo Villas & Spa,R$ 6.780,Com,5 km do centro,Suíte Deluxe com Banheira de HidromassagemSuíte privativa1 cama de casal extragrandeCafé da manhã incluídoTemos mais 1 por esse preço,0,0,0,Outro
Pipa,Harmonia Flats,R$ 2.115,Com,"0,6 km do centro","ApartamentoApartamento inteiro • 1 quarto • 1 sala • 1 banheiro • 1 cozinha • 45 m²3 camas (2 de solteiro, 1 de casal)Café da manhã incluídoTemos mais 2 por esse preço",0,0,0,Flat
Pipa,Solar Água Apartaments,R$ 1.404,Com,500 m do centro,"Estúdio Duplo DeluxeEstúdio inteiro • 1 banheiro • 1 cozinha • 45 m²3 camas (2 de solteiro, 1 king-size)Temos mais 1 por esse preço",0,0,0,Outro
Pipa,Hotel Ponta do Madeiro,R$ 5.775,Com,"3,6 km do centro","Apartamento DeluxeSuíte privativa2 camas (1 de solteiro, 1 de casal extragrande)Café da manhã incluídoTemos mais 2 por esse preço",0,0,0,Flat
Pipa,Pousada Berro do Jeguy,R$ 2.540,Com,"0,7 km do centro",Quarto Duplo Standard1 cama de casalCafé da manhã incluídoTemos mais 2 por esse preço,0,0,0,Pousada
Pipa,Flat a 450 metros do centro - Praia da Pipa,R$ 3.060,Com,250 m do centro,"Apartamento de 2 QuartosApartamento inteiro • 2 quartos • 1 sala • 2 banheiros • 1 cozinha • 80 m²7 camas (2 de solteiro, 1 de casal, 4 sofás-cama)",0,0,0,Flat
Pipa,Sombra e Água Fresca Floresta,R$ 5.356,Com,450 m do centro,"Suíte ExecutivaSuíte privativa2 camas (1 de solteiro, 1 de casal extragrande)Café da manhã incluídoTemos mais 6 por esse preço",0,0,0,Outro
Pipa,Oceana Suites Villas de Tibau,R$ 1.095,Com,"6,8 km do centro","SuíteSuíte privativa • 2 quartos • 1 banheiro3 camas (2 de solteiro, 1 de casal)Cancelamento grátisTemos mais 1 por esse preço",0,0,0,Outro
Pipa,Solar Água Pipa - Summer Hospedagem,R$ 1.919,Com,450 m do centro,"Apartamento StandardApartamento inteiro • 1 quarto • 1 sala • 1 banheiro • 1 cozinha • 38 m²2 camas (1 de casal, 1 sofá-cama)Temos mais 1 por esse preço",0,0,0,Flat
Pipa,Pipa Mar Hotel,R$ 2.240,Com,500 m do centro,Quarto Duplo Standard1 cama de casalCafé da manhã incluídoCancelamento grátisNão requer pré-pagamento – pague na acomodação,0,0,0,Outro
Pipa,POUSADA LA BELLE D'JOUR - PIPA/RN,R$ 1.250,Com,"0,8 km do centro",Quarto Duplo1 cama de casal extragrandeTemos mais 2 por esse preço,0,0,0,Pousada
Pipa,Pousada Sol Da Pipa,R$ 953,Com,"0,5 km do centro",Quarto Duplo Pequeno1 cama de casalCafé da manhã incluídoTemos mais 1 por esse preço,0,0,0,Pousada
Pipa,Pousada Vila Corada,R$ 3.551,Com,"5,7 km do centro",Quarto Duplo Deluxe1 cama de casal grandeCafé da manhã incluídoCancelamento grátisTemos mais 1 por esse preço,0,0,0,Pousada
Pipa,Flor da Mata,R$ 1.930,Com,300 m do centro,Apartamento de 1 QuartoApartamento inteiro • 1 quarto • 1 banheiro • 1 cozinha • 50 m²1 cama de casal grandeTemos mais 4 por esse preço,0,0,0,Flat
Pipa,Pousada Mar e Sol,R$ 1.056,Com,150 m do centro,Quarto Duplo2 camas de solteiroCafé da manhã incluídoTemos mais 1 por esse preço,0,0,0,Pousada
Pipa,Catavento da Pipa,R$ 2.064,Com,200 m do centro,Quarto Duplo Standard com Varanda1 cama de casal grandeCancelamento grátis,0,0,0,Outro
Pipa,Pipa Brisas do Amor,R$ 1.500,Com,1 km do centro,"Apartamento StandardApartamento inteiro • 2 quartos • 1 sala • 1 banheiro • 1 cozinha • 60 m²3 camas (1 sofá-cama, 2 king-size)Temos mais 1 por esse preço",0,0,0,Flat
Pipa,Oka Da Mata,R$ 3.975,Com,"1,9 km do centro",Suíte com Vista do JardimDiversos tipos de camaCafé da manhã incluídoCancelamento grátisTemos mais 1 por esse preço,0,0,0,Outro
Pipa,Sol da pipa - suítes,R$ 910,Com,250 m do centro,Quarto Duplo Deluxe1 cama de casal grandeCafé da manhã incluídoTemos mais 3 por esse preço,0,0,0,Outro
Pipa,Pousada Império do Sol,R$ 1.216,Com,"1,1 km do centro",Chalé (2 Adultos)1 cama de casalCafé da manhã incluídoTemos mais 3 por esse preço,0,0,0,Pousada
Pipa,Pousada Waikiki Boutique,R$ 1.900,Com,300 m do centro,"Quarto Família4 camas (2 de solteiro, 1 de casal, 1 tipo futon)Café da manhã incluídoTemos mais 3 por esse preço",0,0,0,Pousada
Pipa,île de Pipa - Ma Plage Hotel,R$ 5.717,Com,"0,6 km do centro","Suíte StandardSuíte privativa2 camas (1 de casal extragrande, 1 sofá-cama)Café da manhã incluídoCancelamento grátisTemos mais 3 por esse preço",0,0,0,Outro
Pipa,Hotel Casablanca,R$ 3.334,Com,"6,5 km do centro",Bangalô (2 Adultos)Bangalô inteiro • 1 quarto • 1 banheiro • 64 m²1 cama de casal grandeCafé da manhã incluídoTemos mais 1 por esse preço,0,0,0,Outro
Pipa,Vila Alemã,R$ 1.909,Com,300 m do centro,Quarto Duplo com Terraço1 cama de casal grandeCafé da manhã incluídoTemos mais 1 por esse preço,0,0,0,Outro
Pipa,Hotel Tibau Lagoa,R$ 1.855,Com,"7,1 km do centro",Chalé Master DuploBangalô inteiro • 1 quarto • 1 banheiro • 52 m²1 cama de casal grandeCafé da manhã incluídoTemos mais 3 por esse preço,0,0,0,Outro
Pipa,Kilombo Villas & Spa,R$ 6.780,Com,5 km do centro,Suíte Deluxe com Banheira de HidromassagemSuíte privativa1 cama de casal extragrandeCafé da manhã incluídoTemos mais 1 por esse preço,0,0,0,Outro
Pipa,Harmonia Flats,R$ 2.115,Com,"0,6 km do centro","ApartamentoApartamento inteiro • 1 quarto • 1 sala • 1 banheiro • 1 cozinha • 45 m²3 camas (2 de solteiro, 1 de casal)Café da manhã incluídoTemos mais 2 por esse preço",0,0,0,Flat
Pipa,Solar Água Apartaments,R$ 1.404,Com,500 m do centro,"Estúdio Duplo DeluxeEstúdio inteiro • 1 banheiro • 1 cozinha • 45 m²3 camas (2 de solteiro, 1 king-size)Temos mais 1 por esse preço",0,0,0,Outro
Pipa,Hotel Ponta do Madeiro,R$ 5.775,Com,"3,6 km do centro","Apartamento DeluxeSuíte privativa2 camas (1 de solteiro, 1 de casal extragrande)Café da manhã incluídoTemos mais 2 por esse preço",0,0,0,Flat
Pipa,Pousada Berro do Jeguy,R$ 2.540,Com,"0,7 km do centro",Quarto Duplo Standard1 cama de casalCafé da manhã incluídoTemos mais 2 por esse preço,0,0,0,Pousada
Pipa,Flat a 450 metros do centro - Praia da Pipa,R$ 3.060,Com,250 m do centro,"Apartamento de 2 QuartosApartamento inteiro • 2 quartos • 1 sala • 2 banheiros • 1 cozinha • 80 m²7 camas (2 de solteiro, 1 de casal, 4 sofás-cama)",0,0,0,Flat
Pipa,Sombra e Água Fresca Floresta,R$ 5.356,Com,450 m do centro,"Suíte ExecutivaSuíte privativa2 camas (1 de solteiro, 1 de casal extragrande)Café da manhã incluídoTemos mais 6 por esse preço",0,0,0,Outro
Pipa,Oceana Suites Villas de Tibau,R$ 1.095,Com,"6,8 km do centro","SuíteSuíte privativa • 2 quartos • 1 banheiro3 camas (2 de solteiro, 1 de casal)Cancelamento grátisTemos mais 1 por esse preço",0,0,0,Outro
Pipa,Solar Água Pipa - Summer Hospedagem,R$ 1.919,Com,450 m do centro,"Apartamento StandardApartamento inteiro • 1 quarto • 1 sala • 1 banheiro • 1 cozinha • 38 m²2 camas (1 de casal, 1 sofá-cama)Temos mais 1 por esse preço",0,0,0,Flat
Pipa,Pipa Mar Hotel,R$ 2.240,Com,500 m do centro,Quarto Duplo Standard1 cama de casalCafé da manhã incluídoCancelamento grátisNão requer pré-pagamento – pague na acomodação,0,0,0,Outro
Pipa,POUSADA LA BELLE D'JOUR - PIPA/RN,R$ 1.250,Com,"0,8 km do centro",Quarto Duplo1 cama de casal extragrandeTemos mais 2 por esse preço,0,0,0,Pousada
Pipa,Pousada Sol Da Pipa,R$ 953,Com,"0,5 km do centro",Quarto Duplo Pequeno1 cama de casalCafé da manhã incluídoTemos mais 1 por esse preço,0,0,0,Pousada
Pipa,Pousada Vila Corada,R$ 3.551,Com,"5,7 km do centro",Quarto Duplo Deluxe1 cama de casal grandeCafé da manhã incluídoCancelamento grátisTemos mais 1 por esse preço,0,0,0,Pousada
Pipa,Flor da Mata,R$ 1.930,Com,300 m do centro,Apartamento de 1 QuartoApartamento inteiro • 1 quarto • 1 banheiro • 1 cozinha • 50 m²1 cama de casal grandeTemos mais 4 por esse preço,0,0,0,Flat
Pipa,Pousada Mar e Sol,R$ 1.056,Com,150 m do centro,Quarto Duplo2 camas de solteiroCafé da manhã incluídoTemos mais 1 por esse preço,0,0,0,Pousada
Pipa,Catavento da Pipa,R$ 2.064,Com,200 m do centro,Quarto Duplo Standard com Varanda1 cama de casal grandeCancelamento grátis,0,0,0,Outro
Pipa,Pipa Brisas do Amor,R$ 1.500,Com,1 km do centro,"Apartamento StandardApartamento inteiro • 2 quartos • 1 sala • 1 banheiro • 1 cozinha • 60 m²3 camas (1 sofá-cama, 2 king-size)Temos mais 1 por esse preço",0,0,0,Flat
Pipa,Oka Da Mata,R$ 3.975,Com,"1,9 km do centro",Suíte com Vista do JardimDiversos tipos de camaCafé da manhã incluídoCancelamento grátisTemos mais 1 por esse preço,0,0,0,Outro
Pipa,Sol da pipa - suítes,R$ 910,Com,250 m do centro,Quarto Duplo Deluxe1 cama de casal grandeCafé da manhã incluídoTemos mais 3 por esse preço,0,0,0,Outro
Pipa,Pousada Império do Sol,R$ 1.216,Com,"1,1 km do centro",Chalé (2 Adultos)1 cama de casalCafé da manhã incluídoTemos mais 3 por esse preço,0,0,0,Pousada
Pipa,Pousada Waikiki Boutique,R$ 1.900,Com,300 m do centro,"Quarto Família4 camas (2 de solteiro, 1 de casal, 1 tipo futon)Café da manhã incluídoTemos mais 3 por esse preço",0,0,0,Pousada
Pipa,île de Pipa - Ma Plage Hotel,R$ 5.717,Com,"0,6 km do centro","Suíte StandardSuíte privativa2 camas (1 de casal extragrande, 1 sofá-cama)Café da manhã incluídoCancelamento grátisTemos mais 3 por esse preço",0,0,0,Outro
Pipa,Hotel Casablanca,R$ 3.334,Com,"6,5 km do centro",Bangalô (2 Adultos)Bangalô inteiro • 1 quarto • 1 banheiro • 64 m²1 cama de casal grandeCafé da manhã incluídoTemos mais 1 por esse preço,0,0,0,Outro
Pipa,Vila Alemã,R$ 1.909,Com,300 m do centro,Quarto Duplo com Terraço1 cama de casal grandeCafé da manhã incluídoTemos mais 1 por esse preço,0,0,0,Outro
Pipa,Hotel Tibau Lagoa,R$ 1.855,Com,"7,1 km do centro",Chalé Master DuploBangalô inteiro • 1 quarto • 1 banheiro • 52 m²1 cama de casal grandeCafé da manhã incluídoTemos mais 3 por esse preço,0,0,0,Outro
Pipa,Kilombo Villas & Spa,R$ 6.780,Com,5 km do centro,Suíte Deluxe com Banheira de HidromassagemSuíte privativa1 cama de casal extragrandeCafé da manhã incluídoTemos mais 1 por esse preço,0,0,0,Outro
Pipa,Harmonia Flats,R$ 2.115,Com,"0,6 km do centro","ApartamentoApartamento inteiro • 1 quarto • 1 sala • 1 banheiro • 1 cozinha • 45 m²3 camas (2 de solteiro, 1 de casal)Café da manhã incluídoTemos mais 2 por esse preço",0,0,0,Flat
Pipa,Solar Água Apartaments,R$ 1.404,Com,500 m do centro,"Estúdio Duplo DeluxeEstúdio inteiro • 1 banheiro • 1 cozinha • 45 m²3 camas (2 de solteiro, 1 king-size)Temos mais 1 por esse preço",0,0,0,Outro
Pipa,Hotel Ponta do Madeiro,R$ 5.775,Com,"3,6 km do centro","Apartamento DeluxeSuíte privativa2 camas (1 de solteiro, 1 de casal extragrande)Café da manhã incluídoTemos mais 2 por esse preço",0,0,0,Flat
Pipa,Pousada Berro do Jeguy,R$ 2.540,Com,"0,7 km do centro",Quarto Duplo Standard1 cama de casalCafé da manhã incluídoTemos mais 2 por esse preço,0,0,0,Pousada
Pipa,Flat a 450 metros do centro - Praia da Pipa,R$ 3.060,Com,250 m do centro,"Apartamento de 2 QuartosApartamento inteiro • 2 quartos • 1 sala • 2 banheiros • 1 cozinha • 80 m²7 camas (2 de solteiro, 1 de casal, 4 sofás-cama)",0,0,0,Flat
Pipa,Sombra e Água Fresca Floresta,R$ 5.356,Com,450 m do centro,"Suíte ExecutivaSuíte privativa2 camas (1 de solteiro, 1 de casal extragrande)Café da manhã incluídoTemos mais 6 por esse preço",0,0,0,Outro
Pipa,Oceana Suites Villas de Tibau,R$ 1.095,Com,"6,8 km do centro","SuíteSuíte privativa • 2 quartos • 1 banheiro3 camas (2 de solteiro, 1 de casal)Cancelamento grátisTemos mais 1 por esse preço",0,0,0,Outro
Pipa,Solar Água Pipa - Summer Hospedagem,R$ 1.919,Com,450 m do centro,"Apartamento StandardApartamento inteiro • 1 quarto • 1 sala • 1 banheiro • 1 cozinha • 38 m²2 camas (1 de casal, 1 sofá-cama)Temos mais 1 por esse preço",0,0,0,Flat
Joao Pessoa,"MG106-Apê maravilhoso para 4 pessoas, Joao Pessoa",R$ 1.720,Com,"5,8 km do centro",Apartamento de 2 QuartosApartamento inteiro • 2 quartos • 2 banheiros • 1 cozinha • 58 m²2 camas de casalCancelamento grátis,0,0,0,Flat
Joao Pessoa,UNITY Cabo Branco by PenareiaTurBr,R$ 1.149,Com,8 km do centro,Apartamento Estúdio com Cama Queen-sizeApartamento inteiro • 1 quarto • 1 sala • 1 banheiro • 1 cozinha • 41 m²1 cama de casal grandeTemos mais 1 por esse preço,0,0,0,Flat
Joao Pessoa,Azimut Beira-Mar com Piscinas Rooftop Academia e Estrutura de Alto Padrão by Carpediem,R$ 1.073,Com,"9,9 km do centro","Apartamento com VarandaApartamento inteiro • 1 quarto • 1 cozinha • 24 m²2 camas (1 sofá-cama, 1 king-size)Cancelamento grátisTemos mais 1 por esse preço",1,0,0,Flat
Joao Pessoa,Move Tambaú - LikeHome Hospedagens,R$ 1.142,Com,"6,2 km do centro",ApartamentoApartamento inteiro • 1 quarto • 1 banheiro • 1 cozinha • 15 m²1 cama de casalCancelamento grátisTemos mais 1 por esse preço,0,0,0,Flat
Joao Pessoa,Amalfi Suítes Pousada,R$ 892,Com,"6,5 km do centro",Quarto Duplo1 cama de casalCafé da manhã incluídoCancelamento grátisNão requer pré-pagamento – pague na acomodação,0,0,0,Pousada
Joao Pessoa,FLAT DO BARÃO CABO BRANCO,R$ 1.050,Com,"6,3 km do centro","Apartamento de 1 QuartoApartamento inteiro • 1 quarto • 1 sala • 1 banheiro • 1 cozinha • 36 m²2 camas (1 de casal, 1 sofá-cama)Cancelamento grátis",0,0,0,Flat
Joao Pessoa,Get By Side 50 Metros da Praia - Jardim Oceania,R$ 930,Com,"6,4 km do centro",ApartamentoApartamento inteiro • 1 quarto • 1 banheiro • 1 cozinha • 22 m²1 cama de casalCancelamento grátisTemos mais 1 por esse preço,0,0,0,Flat
Joao Pessoa,Unity - Cabo Branco,R$ 985,Com,8 km do centro,Estúdio com TerraçoEstúdio inteiro • 1 quarto • 1 banheiro • 1 cozinha1 cama de casalTemos mais 1 por esse preço,0,0,0,Outro
Joao Pessoa,Branco Haus - Pé na Areia do Caribessa,R$ 1.202,Com,"7,8 km do centro","MaisonetteApartamento inteiro • 1 quarto • 1 sala • 1 banheiro • 1 cozinha • 43 m²2 camas (1 de casal, 1 sofá-cama)Temos mais 1 por esse preço",0,0,0,Flat
Joao Pessoa,GOLDFLAT Manaíra by PenareiaTurBr,R$ 783,Com,"5,2 km do centro",Apartamento StandardApartamento inteiro • 1 quarto • 1 banheiro • 1 cozinha • 25 m²1 cama de casalTemos mais 1 por esse preço,0,0,0,Flat
Joao Pessoa,Pousada Jardim de Cabo Branco,R$ 909,Com,"6,2 km do centro","Suíte FamíliaSuíte privativa2 camas (1 de solteiro, 1 de casal)Café da manhã incluídoCancelamento grátisTemos mais 1 por esse preço",0,0,0,Pousada
Joao Pessoa,Alta Garden Housi João Pessoa by Carpediem,R$ 1.079,Com,"6,6 km do centro","Estúdio com Vista do MarEstúdio inteiro • 1 banheiro • 1 cozinha • 23 m²2 camas (1 de solteiro, 1 de casal)Temos mais 3 por esse preço",0,0,0,Outro
Joao Pessoa,"Garden Haus Beira-Mar, Jardim Oceania-Miramar Hospedagens",R$ 1.101,Com,6 km do centro,Apartamento com VarandaApartamento inteiro • 1 quarto • 1 banheiro • 1 cozinha • 18 m²1 cama de casalCancelamento grátis,0,0,0,Flat
Joao Pessoa,Ocean Art Park - By Living,R$ 1.202,Com,"7,7 km do centro","Studio c/ terraço #3Apartamento inteiro • 1 quarto • 1 banheiro • 1 cozinha • 40 m²2 camas (1 king-size, 1 tipo futon)Cancelamento grátisTemos mais 1 por esse preço",0,0,0,Flat
Joao Pessoa,Infinity at the Sea by Welkom,R$ 3.312,Com,"6,4 km do centro",Quarto Superior com Cama de Casal ou 2 de SolteiroCamas: 1 de casal ou 2 de solteiroCafé da manhã incluídoTemos mais 4 por esse preço,0,0,0,Outro
Joao Pessoa,Bela Hospedagem - EcoSummer Flats em Tambaú,R$ 1.680,Com,"6,5 km do centro","Apartamento de 2 QuartosApartamento inteiro • 2 quartos • 1 banheiro • 1 cozinha • 48 m²4 camas (2 de solteiro, 1 de casal, 1 tipo futon)Temos mais 1 por esse preço",0,0,0,Flat
Joao Pessoa,Icon Hotel by Welkom,R$ 4.095,Com,8 km do centro,Quarto Duplo SuperiorCamas: 1 de casal ou 2 de solteiroCafé da manhã incluído,0,0,0,Outro
Joao Pessoa,CARIBESSA BEIRA MAR CLUBE Aspep,R$ 675,Com,"7,9 km do centro",Quarto Duplo com Vista da Piscina2 camas de solteiroTemos mais 1 por esse preço,1,0,0,Outro
Joao Pessoa,Breeze by MyFlats Hospedagens,R$ 1.150,Com,"6,2 km do centro","ApartamentoApartamento inteiro • 1 quarto • 1 banheiro • 1 cozinha2 camas (1 de solteiro, 1 de casal)Cancelamento grátisTemos mais 5 por esse preço",0,0,0,Flat
Joao Pessoa,Littoral Hotel,R$ 2.594,Com,"6,6 km do centro",Quarto StandardDiversos tipos de camaCafé da manhã incluídoCancelamento grátis,0,0,0,Outro
Joao Pessoa,Alta Marine / Beira-Mar - MH,R$ 1.236,Com,"7,1 km do centro",Estúdio com Vista do MarEstúdio inteiro • 1 banheiro • 1 cozinha • 22 m²1 cama de casalTemos mais 3 por esse preço,0,0,0,Outro
Joao Pessoa,Holandas Prime Tambaú,R$ 1.369,Com,"6,3 km do centro","Apartamento de 2 QuartosApartamento inteiro • 2 quartos • 1 cozinha3 camas (2 de solteiro, 1 king-size)Temos mais 5 por esse preço",0,0,0,Flat
Joao Pessoa,Get Sense - Studios Beira Mar,R$ 1.097,Com,"7,7 km do centro","Estúdio com Sofá-CamaEstúdio inteiro • 1 banheiro • 26 m²2 camas (1 sofá-cama, 1 king-size)Temos mais 1 por esse preço",0,0,0,Flat
Joao Pessoa,Unity Suites Beira Mar,R$ 1.569,Com,8 km do centro,Apartamento StandardApartamento inteiro • 1 quarto • 1 banheiro • 1 cozinha • 34 m²1 cama de casalCancelamento grátisTemos mais 1 por esse preço,0,0,0,Flat
Joao Pessoa,Setai Edition by Day By Day,R$ 1.105,Com,"7,8 km do centro",Apartamento DeluxeApartamento inteiro • 1 quarto • 1 cozinha1 cama de casal grandeCancelamento grátisTemos mais 2 por esse preço,0,0,0,Flat
Joao Pessoa,"MG106-Apê maravilhoso para 4 pessoas, Joao Pessoa",R$ 1.720,Com,"5,8 km do centro",Apartamento de 2 QuartosApartamento inteiro • 2 quartos • 2 banheiros • 1 cozinha • 58 m²2 camas de casalCancelamento grátis,0,0,0,Flat
Joao Pessoa,Azimut Beira-Mar com Piscinas Rooftop Academia e Estrutura de Alto Padrão by Carpediem,R$ 1.073,Com,"9,9 km do centro","Apartamento com VarandaApartamento inteiro • 1 quarto • 1 cozinha • 24 m²2 camas (1 sofá-cama, 1 king-size)Cancelamento grátisTemos mais 1 por esse preço",1,0,0,Flat
Joao Pessoa,Move Tambaú - LikeHome Hospedagens,R$ 1.142,Com,"6,2 km do centro",ApartamentoApartamento inteiro • 1 quarto • 1 banheiro • 1 cozinha • 15 m²1 cama de casalCancelamento grátisTemos mais 1 por esse preço,0,0,0,Flat
Joao Pessoa,Amalfi Suítes Pousada,R$ 892,Com,"6,5 km do centro",Quarto Duplo1 cama de casalCafé da manhã incluídoCancelamento grátisNão requer pré-pagamento – pague na acomodação,0,0,0,Pousada
Joao Pessoa,FLAT DO BARÃO CABO BRANCO,R$ 1.050,Com,"6,3 km do centro","Apartamento de 1 QuartoApartamento inteiro • 1 quarto • 1 sala • 1 banheiro • 1 cozinha • 36 m²2 camas (1 de casal, 1 sofá-cama)Cancelamento grátis",0,0,0,Flat
Joao Pessoa,Get By Side 50 Metros da Praia - Jardim Oceania,R$ 930,Com,"6,4 km do centro",ApartamentoApartamento inteiro • 1 quarto • 1 banheiro • 1 cozinha • 22 m²1 cama de casalCancelamento grátisTemos mais 1 por esse preço,0,0,0,Flat
Joao Pessoa,Unity - Cabo Branco,R$ 985,Com,8 km do centro,Estúdio com TerraçoEstúdio inteiro • 1 quarto • 1 banheiro • 1 cozinha1 cama de casalTemos mais 1 por esse preço,0,0,0,Outro
Joao Pessoa,Branco Haus - Pé na Areia do Caribessa,R$ 1.202,Com,"7,8 km do centro","MaisonetteApartamento inteiro • 1 quarto • 1 sala • 1 banheiro • 1 cozinha • 43 m²2 camas (1 de casal, 1 sofá-cama)Temos mais 1 por esse preço",0,0,0,Flat
Joao Pessoa,GOLDFLAT Manaíra by PenareiaTurBr,R$ 783,Com,"5,2 km do centro",Apartamento StandardApartamento inteiro • 1 quarto • 1 banheiro • 1 cozinha • 25 m²1 cama de casalTemos mais 1 por esse preço,0,0,0,Flat
Joao Pessoa,Pousada Jardim de Cabo Branco,R$ 909,Com,"6,2 km do centro","Suíte FamíliaSuíte privativa2 camas (1 de solteiro, 1 de casal)Café da manhã incluídoCancelamento grátisTemos mais 1 por esse preço",0,0,0,Pousada
Joao Pessoa,Alta Garden Housi João Pessoa by Carpediem,R$ 1.079,Com,"6,6 km do centro","Estúdio com Vista do MarEstúdio inteiro • 1 banheiro • 1 cozinha • 23 m²2 camas (1 de solteiro, 1 de casal)Temos mais 3 por esse preço",0,0,0,Outro
Joao Pessoa,"Garden Haus Beira-Mar, Jardim Oceania-Miramar Hospedagens",R$ 1.101,Com,6 km do centro,Apartamento com VarandaApartamento inteiro • 1 quarto • 1 banheiro • 1 cozinha • 18 m²1 cama de casalCancelamento grátis,0,0,0,Flat
Joao Pessoa,Ocean Art Park - By Living,R$ 1.202,Com,"7,7 km do centro","Studio c/ terraço #3Apartamento inteiro • 1 quarto • 1 banheiro • 1 cozinha • 40 m²2 camas (1 king-size, 1 tipo futon)Cancelamento grátisTemos mais 1 por esse preço",0,0,0,Flat
Joao Pessoa,Infinity at the Sea by Welkom,R$ 3.312,Com,"6,4 km do centro",Quarto Superior com Cama de Casal ou 2 de SolteiroCamas: 1 de casal ou 2 de solteiroCafé da manhã incluídoTemos mais 4 por esse preço,0,0,0,Outro
Joao Pessoa,CARIBESSA BEIRA MAR CLUBE Aspep,R$ 675,Com,"7,9 km do centro",Quarto Duplo com Vista da Piscina2 camas de solteiroTemos mais 1 por esse preço,1,0,0,Outro
Joao Pessoa,Icon Hotel by Welkom,R$ 4.095,Com,8 km do centro,Quarto Duplo SuperiorCamas: 1 de casal ou 2 de solteiroCafé da manhã incluído,0,0,0,Outro
Joao Pessoa,Littoral Hotel,R$ 2.594,Com,"6,6 km do centro",Quarto StandardDiversos tipos de camaCafé da manhã incluídoCancelamento grátis,0,0,0,Outro
Joao Pessoa,Get Sense - Studios Beira Mar,R$ 1.097,Com,"7,7 km do centro","Estúdio com Sofá-CamaEstúdio inteiro • 1 banheiro • 26 m²2 camas (1 sofá-cama, 1 king-size)Temos mais 1 por esse preço",0,0,0,Flat
Joao Pessoa,Alta Marine / Beira-Mar - MH,R$ 1.236,Com,"7,1 km do centro",Estúdio com Vista do MarEstúdio inteiro • 1 banheiro • 1 cozinha • 22 m²1 cama de casalTemos mais 3 por esse preço,0,0,0,Outro
Joao Pessoa,Setai Edition by Day By Day,R$ 1.105,Com,"7,8 km do centro",Apartamento DeluxeApartamento inteiro • 1 quarto • 1 cozinha1 cama de casal grandeCancelamento grátisTemos mais 2 por esse preço,0,0,0,Flat
Joao Pessoa,Unity Suites Beira Mar,R$ 1.569,Com,8 km do centro,Apartamento StandardApartamento inteiro • 1 quarto • 1 banheiro • 1 cozinha • 34 m²1 cama de casalCancelamento grátisTemos mais 1 por esse preço,0,0,0,Flat
Joao Pessoa,Victory Suites Beira mar A,R$ 1.222,Com,"6,6 km do centro","Quarto Quádruplo ClássicoApartamento inteiro • 1 quarto • 1 banheiro • 1 cozinha • 34 m²2 camas (1 de casal, 1 sofá-cama)Cancelamento grátis",0,0,0,Flat
Joao Pessoa,Way Bossa João Pessoa by Carpediem,R$ 924,Com,"7,5 km do centro",Quarto Duplo Econômico1 cama de casal,0,0,0,Outro
Joao Pessoa,GOLDFLAT Cabo Branco by PenareiaTurBr,R$ 1.211,Com,"6,5 km do centro",Apartamento com Vista da Piscina Apartamento inteiro • 1 quarto • 1 sala • 1 banheiro • 29 m²1 cama de casalTemos mais 2 por esse preço,1,0,0,Flat
Joao Pessoa,Way Tambaú | À 200m da praia by Refúgio Hospedagens,R$ 1.311,Com,"6,2 km do centro",Apartamento DeluxeApartamento inteiro • 1 quarto1 cama de casalCancelamento grátisTemos mais 1 por esse preço,0,0,0,Flat
Joao Pessoa,"MG106-Apê maravilhoso para 4 pessoas, Joao Pessoa",R$ 1.720,Com,"5,8 km do centro",Apartamento de 2 QuartosApartamento inteiro • 2 quartos • 2 banheiros • 1 cozinha • 58 m²2 camas de casalCancelamento grátis,0,0,0,Flat
Joao Pessoa,Azimut Beira-Mar com Piscinas Rooftop Academia e Estrutura de Alto Padrão by Carpediem,R$ 1.073,Com,"9,9 km do centro","Apartamento com VarandaApartamento inteiro • 1 quarto • 1 cozinha • 24 m²2 camas (1 sofá-cama, 1 king-size)Cancelamento grátisTemos mais 1 por esse preço",1,0,0,Flat
Joao Pessoa,Move Tambaú - LikeHome Hospedagens,R$ 1.142,Com,"6,2 km do centro",ApartamentoApartamento inteiro • 1 quarto • 1 banheiro • 1 cozinha • 15 m²1 cama de casalCancelamento grátisTemos mais 1 por esse preço,0,0,0,Flat
Joao Pessoa,Amalfi Suítes Pousada,R$ 892,Com,"6,5 km do centro",Quarto Duplo1 cama de casalCafé da manhã incluídoCancelamento grátisNão requer pré-pagamento – pague na acomodação,0,0,0,Pousada
Joao Pessoa,FLAT DO BARÃO CABO BRANCO,R$ 1.050,Com,"6,3 km do centro","Apartamento de 1 QuartoApartamento inteiro • 1 quarto • 1 sala • 1 banheiro • 1 cozinha • 36 m²2 camas (1 de casal, 1 sofá-cama)Cancelamento grátis",0,0,0,Flat
Joao Pessoa,Get By Side 50 Metros da Praia - Jardim Oceania,R$ 930,Com,"6,4 km do centro",ApartamentoApartamento inteiro • 1 quarto • 1 banheiro • 1 cozinha • 22 m²1 cama de casalCancelamento grátisTemos mais 1 por esse preço,0,0,0,Flat
Joao Pessoa,Unity - Cabo Branco,R$ 985,Com,8 km do centro,Estúdio com TerraçoEstúdio inteiro • 1 quarto • 1 banheiro • 1 cozinha1 cama de casalTemos mais 1 por esse preço,0,0,0,Outro
Joao Pessoa,Branco Haus - Pé na Areia do Caribessa,R$ 1.202,Com,"7,8 km do centro","MaisonetteApartamento inteiro • 1 quarto • 1 sala • 1 banheiro • 1 cozinha • 43 m²2 camas (1 de casal, 1 sofá-cama)Temos mais 1 por esse preço",0,0,0,Flat
Joao Pessoa,GOLDFLAT Manaíra by PenareiaTurBr,R$ 783,Com,"5,2 km do centro",Apartamento StandardApartamento inteiro • 1 quarto • 1 banheiro • 1 cozinha • 25 m²1 cama de casalTemos mais 1 por esse preço,0,0,0,Flat
Joao Pessoa,Pousada Jardim de Cabo Branco,R$ 909,Com,"6,2 km do centro","Suíte FamíliaSuíte privativa2 camas (1 de solteiro, 1 de casal)Café da manhã incluídoCancelamento grátisTemos mais 1 por esse preço",0,0,0,Pousada
Joao Pessoa,Alta Garden Housi João Pessoa by Carpediem,R$ 1.079,Com,"6,6 km do centro","Estúdio com Vista do MarEstúdio inteiro • 1 banheiro • 1 cozinha • 23 m²2 camas (1 de solteiro, 1 de casal)Temos mais 3 por esse preço",0,0,0,Outro
Joao Pessoa,"Garden Haus Beira-Mar, Jardim Oceania-Miramar Hospedagens",R$ 1.101,Com,6 km do centro,Apartamento com VarandaApartamento inteiro • 1 quarto • 1 banheiro • 1 cozinha • 18 m²1 cama de casalCancelamento grátis,0,0,0,Flat
Joao Pessoa,Ocean Art Park - By Living,R$ 1.202,Com,"7,7 km do centro","Studio c/ terraço #3Apartamento inteiro • 1 quarto • 1 banheiro • 1 cozinha • 40 m²2 camas (1 king-size, 1 tipo futon)Cancelamento grátisTemos mais 1 por esse preço",0,0,0,Flat
Joao Pessoa,Infinity at the Sea by Welkom,R$ 3.312,Com,"6,4 km do centro",Quarto Superior com Cama de Casal ou 2 de SolteiroCamas: 1 de casal ou 2 de solteiroCafé da manhã incluídoTemos mais 4 por esse preço,0,0,0,Outro
Joao Pessoa,CARIBESSA BEIRA MAR CLUBE Aspep,R$ 675,Com,"7,9 km do centro",Quarto Duplo com Vista da Piscina2 camas de solteiroTemos mais 1 por esse preço,1,0,0,Outro
Joao Pessoa,Icon Hotel by Welkom,R$ 4.095,Com,8 km do centro,Quarto Duplo SuperiorCamas: 1 de casal ou 2 de solteiroCafé da manhã incluído,0,0,0,Outro
Joao Pessoa,Littoral Hotel,R$ 2.594,Com,"6,6 km do centro",Quarto StandardDiversos tipos de camaCafé da manhã incluídoCancelamento grátis,0,0,0,Outro
Joao Pessoa,Get Sense - Studios Beira Mar,R$ 1.097,Com,"7,7 km do centro","Estúdio com Sofá-CamaEstúdio inteiro • 1 banheiro • 26 m²2 camas (1 sofá-cama, 1 king-size)Temos mais 1 por esse preço",0,0,0,Flat
Joao Pessoa,Alta Marine / Beira-Mar - MH,R$ 1.236,Com,"7,1 km do centro",Estúdio com Vista do MarEstúdio inteiro • 1 banheiro • 1 cozinha • 22 m²1 cama de casalTemos mais 3 por esse preço,0,0,0,Outro
Joao Pessoa,Setai Edition by Day By Day,R$ 1.105,Com,"7,8 km do centro",Apartamento DeluxeApartamento inteiro • 1 quarto • 1 cozinha1 cama de casal grandeCancelamento grátisTemos mais 2 por esse preço,0,0,0,Flat
Joao Pessoa,Unity Suites Beira Mar,R$ 1.569,Com,8 km do centro,Apartamento StandardApartamento inteiro • 1 quarto • 1 banheiro • 1 cozinha • 34 m²1 cama de casalCancelamento grátisTemos mais 1 por esse preço,0,0,0,Flat
Joao Pessoa,Victory Suites Beira mar A,R$ 1.222,Com,"6,6 km do centro","Quarto Quádruplo ClássicoApartamento inteiro • 1 quarto • 1 banheiro • 1 cozinha • 34 m²2 camas (1 de casal, 1 sofá-cama)Cancelamento grátis",0,0,0,Flat
Joao Pessoa,Way Bossa João Pessoa by Carpediem,R$ 924,Com,"7,5 km do centro",Quarto Duplo Econômico1 cama de casal,0,0,0,Outro
Joao Pessoa,GOLDFLAT Cabo Branco by PenareiaTurBr,R$ 1.211,Com,"6,5 km do centro",Apartamento com Vista da Piscina Apartamento inteiro • 1 quarto • 1 sala • 1 banheiro • 29 m²1 cama de casalTemos mais 2 por esse preço,1,0,0,Flat
Joao Pessoa,Way Tambaú | À 200m da praia by Refúgio Hospedagens,R$ 1.311,Com,"6,2 km do centro",Apartamento DeluxeApartamento inteiro • 1 quarto1 cama de casalCancelamento grátisTemos mais 1 por esse preço,0,0,0,Flat
Joao Pessoa,"MG106-Apê maravilhoso para 4 pessoas, Joao Pessoa",R$ 1.720,Com,"5,8 km do centro",Apartamento de 2 QuartosApartamento inteiro • 2 quartos • 2 banheiros • 1 cozinha • 58 m²2 camas de casalCancelamento grátis,0,0,0,Flat
Joao Pessoa,Azimut Beira-Mar com Piscinas Rooftop Academia e Estrutura de Alto Padrão by Carpediem,R$ 1.073,Com,"9,9 km do centro","Apartamento com VarandaApartamento inteiro • 1 quarto • 1 cozinha • 24 m²2 camas (1 sofá-cama, 1 king-size)Cancelamento grátisTemos mais 1 por esse preço",1,0,0,Flat
Joao Pessoa,Move Tambaú - LikeHome Hospedagens,R$ 1.142,Com,"6,2 km do centro",ApartamentoApartamento inteiro • 1 quarto • 1 banheiro • 1 cozinha • 15 m²1 cama de casalCancelamento grátisTemos mais 1 por esse preço,0,0,0,Flat
Joao Pessoa,Amalfi Suítes Pousada,R$ 892,Com,"6,5 km do centro",Quarto Duplo1 cama de casalCafé da manhã incluídoCancelamento grátisNão requer pré-pagamento – pague na acomodação,0,0,0,Pousada
Joao Pessoa,FLAT DO BARÃO CABO BRANCO,R$ 1.050,Com,"6,3 km do centro","Apartamento de 1 QuartoApartamento inteiro • 1 quarto • 1 sala • 1 banheiro • 1 cozinha • 36 m²2 camas (1 de casal, 1 sofá-cama)Cancelamento grátis",0,0,0,Flat
Joao Pessoa,Get By Side 50 Metros da Praia - Jardim Oceania,R$ 930,Com,"6,4 km do centro",ApartamentoApartamento inteiro • 1 quarto • 1 banheiro • 1 cozinha • 22 m²1 cama de casalCancelamento grátisTemos mais 1 por esse preço,0,0,0,Flat
Joao Pessoa,Unity - Cabo Branco,R$ 985,Com,8 km do centro,Estúdio com TerraçoEstúdio inteiro • 1 quarto • 1 banheiro • 1 cozinha1 cama de casalTemos mais 1 por esse preço,0,0,0,Outro
Joao Pessoa,Branco Haus - Pé na Areia do Caribessa,R$ 1.202,Com,"7,8 km do centro","MaisonetteApartamento inteiro • 1 quarto • 1 sala • 1 banheiro • 1 cozinha • 43 m²2 camas (1 de casal, 1 sofá-cama)Temos mais 1 por esse preço",0,0,0,Flat
Joao Pessoa,GOLDFLAT Manaíra by PenareiaTurBr,R$ 783,Com,"5,2 km do centro",Apartamento StandardApartamento inteiro • 1 quarto • 1 banheiro • 1 cozinha • 25 m²1 cama de casalTemos mais 1 por esse preço,0,0,0,Flat
Joao Pessoa,Pousada Jardim de Cabo Branco,R$ 909,Com,"6,2 km do centro","Suíte FamíliaSuíte privativa2 camas (1 de solteiro, 1 de casal)Café da manhã incluídoCancelamento grátisTemos mais 1 por esse preço",0,0,0,Pousada
Joao Pessoa,Alta Garden Housi João Pessoa by Carpediem,R$ 1.079,Com,"6,6 km do centro","Estúdio com Vista do MarEstúdio inteiro • 1 banheiro • 1 cozinha • 23 m²2 camas (1 de solteiro, 1 de casal)Temos mais 3 por esse preço",0,0,0,Outro
Joao Pessoa,"Garden Haus Beira-Mar, Jardim Oceania-Miramar Hospedagens",R$ 1.101,Com,6 km do centro,Apartamento com VarandaApartamento inteiro • 1 quarto • 1 banheiro • 1 cozinha • 18 m²1 cama de casalCancelamento grátis,0,0,0,Flat
Joao Pessoa,Ocean Art Park - By Living,R$ 1.202,Com,"7,7 km do centro","Studio c/ terraço #3Apartamento inteiro • 1 quarto • 1 banheiro • 1 cozinha • 40 m²2 camas (1 king-size, 1 tipo futon)Cancelamento grátisTemos mais 1 por esse preço",0,0,0,Flat
Joao Pessoa,Infinity at the Sea by Welkom,R$ 3.312,Com,"6,4 km do centro",Quarto Superior com Cama de Casal ou 2 de SolteiroCamas: 1 de casal ou 2 de solteiroCafé da manhã incluídoTemos mais 4 por esse preço,0,0,0,Outro
Joao Pessoa,CARIBESSA BEIRA MAR CLUBE Aspep,R$ 675,Com,"7,9 km do centro",Quarto Duplo com Vista da Piscina2 camas de solteiroTemos mais 1 por esse preço,1,0,0,Outro
Joao Pessoa,Icon Hotel by Welkom,R$ 4.095,Com,8 km do centro,Quarto Duplo SuperiorCamas: 1 de casal ou 2 de solteiroCafé da manhã incluído,0,0,0,Outro
Joao Pessoa,Littoral Hotel,R$ 2.594,Com,"6,6 km do centro",Quarto StandardDiversos tipos de camaCafé da manhã incluídoCancelamento grátis,0,0,0,Outro
Joao Pessoa,Get Sense - Studios Beira Mar,R$ 1.097,Com,"7,7 km do centro","Estúdio com Sofá-CamaEstúdio inteiro • 1 banheiro • 26 m²2 camas (1 sofá-cama, 1 king-size)Temos mais 1 por esse preço",0,0,0,Flat
Joao Pessoa,Alta Marine / Beira-Mar - MH,R$ 1.236,Com,"7,1 km do centro",Estúdio com Vista do MarEstúdio inteiro • 1 banheiro • 1 cozinha • 22 m²1 cama de casalTemos mais 3 por esse preço,0,0,0,Outro
Joao Pessoa,Alta Garden-Pé Na Areia - MH,R$ 1.250,Com,"6,6 km do centro","Estúdio DeluxeEstúdio inteiro • 1 cozinha • 22 m²2 camas (1 de casal, 1 tipo futon)",0,0,0,Outro
Joao Pessoa,Unity Suites Beira Mar,R$ 1.569,Com,8 km do centro,Apartamento StandardApartamento inteiro • 1 quarto • 1 banheiro • 1 cozinha • 34 m²1 cama de casalCancelamento grátisTemos mais 1 por esse preço,0,0,0,Flat
Joao Pessoa,Setai Edition by Day By Day,R$ 1.105,Com,"7,8 km do centro",Apartamento DeluxeApartamento inteiro • 1 quarto • 1 cozinha1 cama de casal grandeCancelamento grátisTemos mais 2 por esse preço,0,0,0,Flat
Joao Pessoa,Move Tambaú - Conforto e aconchego,R$ 1.372,Com,"6,1 km do centro","Apartamento Deluxe de 2 Quartos com VarandaApartamento inteiro • 2 quartos • 1 sala • 2 banheiros • 1 cozinha • 65 m²3 camas (2 de solteiro, 1 de casal)Temos mais 2 por esse preço",0,0,0,Flat
Joao Pessoa,Victory Suites Beira mar A,R$ 1.222,Com,"6,6 km do centro","Quarto Quádruplo ClássicoApartamento inteiro • 1 quarto • 1 banheiro • 1 cozinha • 34 m²2 camas (1 de casal, 1 sofá-cama)Cancelamento grátis",0,0,0,Flat
Joao Pessoa,Way Bossa João Pessoa by Carpediem,R$ 924,Com,"7,5 km do centro",Quarto Duplo Econômico1 cama de casal,0,0,0,Outro
Joao Pessoa,"MG106-Apê maravilhoso para 4 pessoas, Joao Pessoa",R$ 1.720,Com,"5,8 km do centro",Apartamento de 2 QuartosApartamento inteiro • 2 quartos • 2 banheiros • 1 cozinha • 58 m²2 camas de casalCancelamento grátis,0,0,0,Flat
Joao Pessoa,Azimut Beira-Mar com Piscinas Rooftop Academia e Estrutura de Alto Padrão by Carpediem,R$ 1.073,Com,"9,9 km do centro","Apartamento com VarandaApartamento inteiro • 1 quarto • 1 cozinha • 24 m²2 camas (1 sofá-cama, 1 king-size)Cancelamento grátisTemos mais 1 por esse preço",1,0,0,Flat
Joao Pessoa,Move Tambaú - LikeHome Hospedagens,R$ 1.142,Com,"6,2 km do centro",ApartamentoApartamento inteiro • 1 quarto • 1 banheiro • 1 cozinha • 15 m²1 cama de casalCancelamento grátisTemos mais 1 por esse preço,0,0,0,Flat
Joao Pessoa,Amalfi Suítes Pousada,R$ 892,Com,"6,5 km do centro",Quarto Duplo1 cama de casalCafé da manhã incluídoCancelamento grátisNão requer pré-pagamento – pague na acomodação,0,0,0,Pousada
Joao Pessoa,FLAT DO BARÃO CABO BRANCO,R$ 1.050,Com,"6,3 km do centro","Apartamento de 1 QuartoApartamento inteiro • 1 quarto • 1 sala • 1 banheiro • 1 cozinha • 36 m²2 camas (1 de casal, 1 sofá-cama)Cancelamento grátis",0,0,0,Flat
Joao Pessoa,Get By Side 50 Metros da Praia - Jardim Oceania,R$ 930,Com,"6,4 km do centro",ApartamentoApartamento inteiro • 1 quarto • 1 banheiro • 1 cozinha • 22 m²1 cama de casalCancelamento grátisTemos mais 1 por esse preço,0,0,0,Flat
Joao Pessoa,Unity - Cabo Branco,R$ 985,Com,8 km do centro,Estúdio com TerraçoEstúdio inteiro • 1 quarto • 1 banheiro • 1 cozinha1 cama de casalTemos mais 1 por esse preço,0,0,0,Outro
Joao Pessoa,Branco Haus - Pé na Areia do Caribessa,R$ 1.202,Com,"7,8 km do centro","MaisonetteApartamento inteiro • 1 quarto • 1 sala • 1 banheiro • 1 cozinha • 43 m²2 camas (1 de casal, 1 sofá-cama)Temos mais 1 por esse preço",0,0,0,Flat
Joao Pessoa,Co House - Apartamento com vista maravilhosa,R$ 1.271,Com,"5,8 km do centro","ApartamentoApartamento inteiro • 1 quarto • 1 sala • 1 cozinha • 40 m²2 camas (1 sofá-cama, 1 king-size)Cancelamento grátis",0,0,0,Flat
Joao Pessoa,GOLDFLAT Manaíra by PenareiaTurBr,R$ 783,Com,"5,2 km do centro",Apartamento StandardApartamento inteiro • 1 quarto • 1 banheiro • 1 cozinha • 25 m²1 cama de casalTemos mais 1 por esse preço,0,0,0,Flat
Joao Pessoa,Pousada Jardim de Cabo Branco,R$ 909,Com,"6,2 km do centro","Suíte FamíliaSuíte privativa2 camas (1 de solteiro, 1 de casal)Café da manhã incluídoCancelamento grátisTemos mais 1 por esse preço",0,0,0,Pousada
Joao Pessoa,Alta Garden Housi João Pessoa by Carpediem,R$ 1.079,Com,"6,6 km do centro","Estúdio com Vista do MarEstúdio inteiro • 1 banheiro • 1 cozinha • 23 m²2 camas (1 de solteiro, 1 de casal)Temos mais 3 por esse preço",0,0,0,Outro
Joao Pessoa,"Garden Haus Beira-Mar, Jardim Oceania-Miramar Hospedagens",R$ 1.101,Com,6 km do centro,Apartamento com VarandaApartamento inteiro • 1 quarto • 1 banheiro • 1 cozinha • 18 m²1 cama de casalCancelamento grátis,0,0,0,Flat
Joao Pessoa,Ocean Art Park - By Living,R$ 1.202,Com,"7,7 km do centro","Studio c/ terraço #3Apartamento inteiro • 1 quarto • 1 banheiro • 1 cozinha • 40 m²2 camas (1 king-size, 1 tipo futon)Cancelamento grátisTemos mais 1 por esse preço",0,0,0,Flat
Joao Pessoa,Infinity at the Sea by Welkom,R$ 3.312,Com,"6,4 km do centro",Quarto Superior com Cama de Casal ou 2 de SolteiroCamas: 1 de casal ou 2 de solteiroCafé da manhã incluídoTemos mais 4 por esse preço,0,0,0,Outro
Joao Pessoa,CARIBESSA BEIRA MAR CLUBE Aspep,R$ 675,Com,"7,9 km do centro",Quarto Duplo com Vista da Piscina2 camas de solteiroTemos mais 1 por esse preço,1,0,0,Outro
Joao Pessoa,Icon Hotel by Welkom,R$ 4.095,Com,8 km do centro,Quarto Duplo SuperiorCamas: 1 de casal ou 2 de solteiroCafé da manhã incluído,0,0,0,Outro
Joao Pessoa,Littoral Hotel,R$ 2.594,Com,"6,6 km do centro",Quarto StandardDiversos tipos de camaCafé da manhã incluídoCancelamento grátis,0,0,0,Outro
Joao Pessoa,Get Sense - Studios Beira Mar,R$ 1.097,Com,"7,7 km do centro","Estúdio com Sofá-CamaEstúdio inteiro • 1 banheiro • 26 m²2 camas (1 sofá-cama, 1 king-size)Temos mais 1 por esse preço",0,0,0,Flat
Joao Pessoa,Alta Marine / Beira-Mar - MH,R$ 1.236,Com,"7,1 km do centro",Estúdio com Vista do MarEstúdio inteiro • 1 banheiro • 1 cozinha • 22 m²1 cama de casalTemos mais 3 por esse preço,0,0,0,Outro
Joao Pessoa,Setai Edition by Day By Day,R$ 1.105,Com,"7,8 km do centro",Apartamento DeluxeApartamento inteiro • 1 quarto • 1 cozinha1 cama de casal grandeCancelamento grátisTemos mais 2 por esse preço,0,0,0,Flat
Joao Pessoa,Unity Suites Beira Mar,R$ 1.569,Com,8 km do centro,Apartamento StandardApartamento inteiro • 1 quarto • 1 banheiro • 1 cozinha • 34 m²1 cama de casalCancelamento grátisTemos mais 1 por esse preço,0,0,0,Flat
Joao Pessoa,Victory Suites Beira mar A,R$ 1.222,Com,"6,6 km do centro","Quarto Quádruplo ClássicoApartamento inteiro • 1 quarto • 1 banheiro • 1 cozinha • 34 m²2 camas (1 de casal, 1 sofá-cama)Cancelamento grátis",0,0,0,Flat
Joao Pessoa,Way Bossa João Pessoa by Carpediem,R$ 924,Com,"7,5 km do centro",Quarto Duplo Econômico1 cama de casal,0,0,0,Outro
Joao Pessoa,GOLDFLAT Cabo Branco by PenareiaTurBr,R$ 1.211,Com,"6,5 km do centro",Apartamento com Vista da Piscina Apartamento inteiro • 1 quarto • 1 sala • 1 banheiro • 29 m²1 cama de casalTemos mais 2 por esse preço,1,0,0,Flat
Natal,Pousada Terra do Sol Natal,R$ 1.056,Com,"11,9 km do centro",Quarto Duplo Standard1 cama de casalCafé da manhã incluídoTemos mais 1 por esse preço,0,0,0,Pousada
Natal,9006 Suites Natal Hotel,R$ 947,Com,"10,7 km do centro",Suíte DeluxeSuíte privativa1 cama de casal extragrandeTemos mais 7 por esse preço,0,0,0,Outro
Natal,pousada dom aquino,R$ 996,Com,"10,7 km do centro",Estúdio DeluxeSuíte privativa1 cama de casal grandeCafé da manhã incluídoCancelamento grátisNão requer pré-pagamento – pague na acomodaçãoTemos mais 1 por esse preço,0,0,0,Pousada
Natal,KING's FLAT HOTEL NATAL,R$ 1.497,Com,11 km do centro,"Quarto DeluxeApartamento inteiro • 1 quarto • 1 banheiro • 1 cozinha • 36 m²2 camas (1 de casal, 1 sofá-cama)Café da manhã incluídoCancelamento grátisTemos mais 1 por esse preço",0,0,0,Flat
Natal,Natal Plaza,R$ 875,Com,"11,4 km do centro",Suíte com Cama Queen-sizeSuíte privativa1 cama de casal grandeTemos mais 1 por esse preço,0,0,0,Outro
Natal,Premium Flat Ponta Negra Natal,R$ 1.161,Com,"11,4 km do centro",Apartamento de 1 QuartoApartamento inteiro • 1 quarto • 1 banheiro • 1 cozinha • 40 m²1 cama de casal grandeTemos mais 2 por esse preço,0,0,0,Flat
Natal,Monza Palace Hotel,R$ 1.124,Com,"6,4 km do centro",Quarto Standard com Cama de Casal ou 2 de SolteiroCamas: 1 de casal ou 2 de solteiroCafé da manhã incluídoCancelamento grátisTemos mais 2 por esse preço,0,0,0,Outro
Natal,MoviHosts Mirador Suítes,R$ 1.601,Com,"11,4 km do centro","Estúdio StandardEstúdio inteiro • 34 m²2 camas (1 de solteiro, 1 de casal)Cancelamento grátisTemos mais 4 por esse preço",0,0,0,Outro
Natal,Liiv Costeira - Natal Ponta Negra,R$ 962,Com,"10,3 km do centro",Quarto Quádruplo2 camas em belicheCancelamento grátisTemos mais 6 por esse preço,0,0,0,Outro
Natal,Flat no Terrazzo Pé na Areia,R$ 1.090,Com,"9,8 km do centro","Estúdio Triplo StandardEstúdio inteiro • 1 banheiro • 1 cozinha • 30 m²2 camas (1 de solteiro, 1 king-size)Cancelamento grátisTemos mais 1 por esse preço",0,0,0,Flat
Natal,Liiv Cobogó - Natal Ponta Negra,R$ 865,Com,"10,1 km do centro","Quarto Triplo2 camas (1 de casal, 1 tipo futon)Cancelamento grátis",0,0,0,Outro
Natal,Residence Vespucci,R$ 1.755,Com,"10,4 km do centro","Quarto Duplo com Varanda e Vista do Mar2 camas (1 de casal, 1 tipo futon)Café da manhã incluídoCancelamento grátisTemos mais 1 por esse preço",0,0,0,Outro
Natal,Aquaria Natal Hotel,R$ 3.464,Com,"12,1 km do centro",Suíte StandardSuíte privativa1 cama de casalCafé da manhã incluídoCancelamento grátisNão requer pré-pagamento – pague na acomodaçãoTemos mais 1 por esse preço,0,0,0,Outro
Natal,Apart Hotel Casa Grande,R$ 960,Com,"11,3 km do centro",Quarto com Cama de Casal ou 2 de SolteiroCamas: 1 de casal ou 2 de solteiroCafé da manhã incluídoTemos mais 1 por esse preço,0,0,0,Outro
Natal,Economy Hotel,R$ 676,Com,"10,5 km do centro",Quarto Duplo Econômico1 cama de casalCancelamento grátisTemos mais 1 por esse preço,0,0,0,Outro
Natal,H Ponta Negra Beach,R$ 1.105,Com,"11,5 km do centro",Apartamento EstúdioApartamento inteiro • 1 quarto • 1 banheiro • 19 m²1 cama de casalCancelamento grátisTemos mais 2 por esse preço,0,0,0,Flat
Natal,POUSADA TIA LUCY,R$ 1.500,Com,"11,6 km do centro",Quarto com Cama Queen-size1 cama de casal grandeCafé da manhã incluídoCancelamento grátisTemos mais 2 por esse preço,0,0,0,Pousada
Natal,Liiv Mar - Natal Ponta Negra,R$ 999,Com,"10,2 km do centro","Quarto Triplo Standard2 camas (1 de casal, 1 tipo futon)Cancelamento grátisTemos mais 1 por esse preço",0,0,0,Outro
Natal,Pousada Beija Flor,R$ 633,Com,"10,7 km do centro",Quarto Duplo1 cama de casalCancelamento grátisTemos mais 1 por esse preço,0,0,0,Pousada
Natal,Natal Vista do Mar,R$ 935,Com,"0,9 km do centro",Apartamento de 1 QuartoApartamento inteiro • 1 quarto • 1 banheiro • 44 m²1 cama de casalCancelamento grátis,0,0,0,Flat
Natal,Natal Prime Apartments -Porto Imperial,R$ 900,Com,11 km do centro,"Apartamento de 1 Quarto com Vista do MarApartamento inteiro • 1 quarto • 1 sala • 1 banheiro • 55 m²2 camas (1 de casal, 1 sofá-cama)Temos mais 2 por esse preço",0,0,0,Flat
Natal,Economy Suites,R$ 677,Com,"10,5 km do centro",Quarto Duplo Econômico2 camas de casalCancelamento grátisTemos mais 1 por esse preço,0,0,0,Outro
Natal,Reserva Madero Loft Natal Hotel,R$ 2.240,Com,"10,8 km do centro",Estúdio DeluxeEstúdio inteiro • 1 banheiro • 47 m²1 cama de casal grandeCafé da manhã incluídoTemos mais 4 por esse preço,0,0,0,Outro
Natal,Village Hospedagens,R$ 767,Com,12 km do centro,"Apartamento Superior com VarandaApartamento inteiro • 1 quarto • 1 sala • 1 banheiro • 1 cozinha • 45 m²3 camas (1 de solteiro, 1 de casal, 1 sofá-cama)Temos mais 2 por esse preço",0,0,0,Flat
Natal,Marambaia Apart Hotel,R$ 1.480,Com,"11,3 km do centro","Quarto Luxuoso2 camas (1 de solteiro, 1 de casal)Café da manhã incluídoTemos mais 1 por esse preço",0,0,0,Outro
Natal,Pousada Terra do Sol Natal,R$ 1.056,Com,"11,9 km do centro",Quarto Duplo Standard1 cama de casalCafé da manhã incluídoTemos mais 1 por esse preço,0,0,0,Pousada
Natal,9006 Suites Natal Hotel,R$ 947,Com,"10,7 km do centro",Suíte DeluxeSuíte privativa1 cama de casal extragrandeTemos mais 7 por esse preço,0,0,0,Outro
Natal,pousada dom aquino,R$ 996,Com,"10,7 km do centro",Estúdio DeluxeSuíte privativa1 cama de casal grandeCafé da manhã incluídoCancelamento grátisNão requer pré-pagamento – pague na acomodaçãoTemos mais 1 por esse preço,0,0,0,Pousada
Natal,KING's FLAT HOTEL NATAL,R$ 1.497,Com,11 km do centro,"Quarto DeluxeApartamento inteiro • 1 quarto • 1 banheiro • 1 cozinha • 36 m²2 camas (1 de casal, 1 sofá-cama)Café da manhã incluídoCancelamento grátisTemos mais 1 por esse preço",0,0,0,Flat
Natal,Natal Plaza,R$ 875,Com,"11,4 km do centro",Suíte com Cama Queen-sizeSuíte privativa1 cama de casal grandeTemos mais 1 por esse preço,0,0,0,Outro
Natal,Premium Flat Ponta Negra Natal,R$ 1.161,Com,"11,4 km do centro",Apartamento de 1 QuartoApartamento inteiro • 1 quarto • 1 banheiro • 1 cozinha • 40 m²1 cama de casal grandeTemos mais 2 por esse preço,0,0,0,Flat
Natal,Monza Palace Hotel,R$ 1.124,Com,"6,4 km do centro",Quarto Standard com Cama de Casal ou 2 de SolteiroCamas: 1 de casal ou 2 de solteiroCafé da manhã incluídoCancelamento grátisTemos mais 2 por esse preço,0,0,0,Outro
Natal,MoviHosts Mirador Suítes,R$ 1.601,Com,"11,4 km do centro","Estúdio StandardEstúdio inteiro • 34 m²2 camas (1 de solteiro, 1 de casal)Cancelamento grátisTemos mais 4 por esse preço",0,0,0,Outro
Natal,Liiv Costeira - Natal Ponta Negra,R$ 962,Com,"10,3 km do centro",Quarto Quádruplo2 camas em belicheCancelamento grátisTemos mais 6 por esse preço,0,0,0,Outro
Natal,Flat no Terrazzo Pé na Areia,R$ 1.090,Com,"9,8 km do centro","Estúdio Triplo StandardEstúdio inteiro • 1 banheiro • 1 cozinha • 30 m²2 camas (1 de solteiro, 1 king-size)Cancelamento grátisTemos mais 1 por esse preço",0,0,0,Flat
Natal,Liiv Cobogó - Natal Ponta Negra,R$ 865,Com,"10,1 km do centro","Quarto Triplo2 camas (1 de casal, 1 tipo futon)Cancelamento grátis",0,0,0,Outro
Natal,Residence Vespucci,R$ 1.755,Com,"10,4 km do centro","Quarto Duplo com Varanda e Vista do Mar2 camas (1 de casal, 1 tipo futon)Café da manhã incluídoCancelamento grátisTemos mais 1 por esse preço",0,0,0,Outro
Natal,Aquaria Natal Hotel,R$ 3.464,Com,"12,1 km do centro",Suíte StandardSuíte privativa1 cama de casalCafé da manhã incluídoCancelamento grátisNão requer pré-pagamento – pague na acomodaçãoTemos mais 1 por esse preço,0,0,0,Outro
Natal,Apart Hotel Casa Grande,R$ 960,Com,"11,3 km do centro",Quarto com Cama de Casal ou 2 de SolteiroCamas: 1 de casal ou 2 de solteiroCafé da manhã incluídoTemos mais 1 por esse preço,0,0,0,Outro
Natal,Economy Hotel,R$ 676,Com,"10,5 km do centro",Quarto Duplo Econômico1 cama de casalCancelamento grátisTemos mais 1 por esse preço,0,0,0,Outro
Natal,H Ponta Negra Beach,R$ 1.105,Com,"11,5 km do centro",Apartamento EstúdioApartamento inteiro • 1 quarto • 1 banheiro • 19 m²1 cama de casalCancelamento grátisTemos mais 2 por esse preço,0,0,0,Flat
Natal,POUSADA TIA LUCY,R$ 1.500,Com,"11,6 km do centro",Quarto com Cama Queen-size1 cama de casal grandeCafé da manhã incluídoCancelamento grátisTemos mais 2 por esse preço,0,0,0,Pousada
Natal,Liiv Mar - Natal Ponta Negra,R$ 999,Com,"10,2 km do centro","Quarto Triplo Standard2 camas (1 de casal, 1 tipo futon)Cancelamento grátisTemos mais 1 por esse preço",0,0,0,Outro
Natal,Pousada Beija Flor,R$ 633,Com,"10,7 km do centro",Quarto Duplo1 cama de casalCancelamento grátisTemos mais 1 por esse preço,0,0,0,Pousada
Natal,Natal Vista do Mar,R$ 935,Com,"0,9 km do centro",Apartamento de 1 QuartoApartamento inteiro • 1 quarto • 1 banheiro • 44 m²1 cama de casalCancelamento grátis,0,0,0,Flat
Natal,Natal Prime Apartments -Porto Imperial,R$ 900,Com,11 km do centro,"Apartamento de 1 Quarto com Vista do MarApartamento inteiro • 1 quarto • 1 sala • 1 banheiro • 55 m²2 camas (1 de casal, 1 sofá-cama)Temos mais 2 por esse preço",0,0,0,Flat
Natal,Economy Suites,R$ 677,Com,"10,5 km do centro",Quarto Duplo Econômico2 camas de casalCancelamento grátisTemos mais 1 por esse preço,0,0,0,Outro
Natal,Reserva Madero Loft Natal Hotel,R$ 2.240,Com,"10,8 km do centro",Estúdio DeluxeEstúdio inteiro • 1 banheiro • 47 m²1 cama de casal grandeCafé da manhã incluídoTemos mais 4 por esse preço,0,0,0,Outro
Natal,Village Hospedagens,R$ 767,Com,12 km do centro,"Apartamento Superior com VarandaApartamento inteiro • 1 quarto • 1 sala • 1 banheiro • 1 cozinha • 45 m²3 camas (1 de solteiro, 1 de casal, 1 sofá-cama)Temos mais 2 por esse preço",0,0,0,Flat
Natal,Marambaia Apart Hotel,R$ 1.480,Com,"11,3 km do centro","Quarto Luxuoso2 camas (1 de solteiro, 1 de casal)Café da manhã incluídoTemos mais 1 por esse preço",0,0,0,Outro
Natal,Pousada Terra do Sol Natal,R$ 1.056,Com,"11,9 km do centro",Quarto Duplo Standard1 cama de casalCafé da manhã incluídoTemos mais 1 por esse preço,0,0,0,Pousada
Natal,9006 Suites Natal Hotel,R$ 947,Com,"10,7 km do centro",Suíte DeluxeSuíte privativa1 cama de casal extragrandeTemos mais 7 por esse preço,0,0,0,Outro
Natal,pousada dom aquino,R$ 996,Com,"10,7 km do centro",Estúdio DeluxeSuíte privativa1 cama de casal grandeCafé da manhã incluídoCancelamento grátisNão requer pré-pagamento – pague na acomodaçãoTemos mais 1 por esse preço,0,0,0,Pousada
Natal,KING's FLAT HOTEL NATAL,R$ 1.497,Com,11 km do centro,"Quarto DeluxeApartamento inteiro • 1 quarto • 1 banheiro • 1 cozinha • 36 m²2 camas (1 de casal, 1 sofá-cama)Café da manhã incluídoCancelamento grátisTemos mais 1 por esse preço",0,0,0,Flat
Natal,Natal Plaza,R$ 875,Com,"11,4 km do centro",Suíte com Cama Queen-sizeSuíte privativa1 cama de casal grandeTemos mais 1 por esse preço,0,0,0,Outro
Natal,Premium Flat Ponta Negra Natal,R$ 1.161,Com,"11,4 km do centro",Apartamento de 1 QuartoApartamento inteiro • 1 quarto • 1 banheiro • 1 cozinha • 40 m²1 cama de casal grandeTemos mais 2 por esse preço,0,0,0,Flat
Natal,Monza Palace Hotel,R$ 1.124,Com,"6,4 km do centro",Quarto Standard com Cama de Casal ou 2 de SolteiroCamas: 1 de casal ou 2 de solteiroCafé da manhã incluídoCancelamento grátisTemos mais 2 por esse preço,0,0,0,Outro
Natal,MoviHosts Mirador Suítes,R$ 1.601,Com,"11,4 km do centro","Estúdio StandardEstúdio inteiro • 34 m²2 camas (1 de solteiro, 1 de casal)Cancelamento grátisTemos mais 4 por esse preço",0,0,0,Outro
Natal,Liiv Costeira - Natal Ponta Negra,R$ 962,Com,"10,3 km do centro",Quarto Quádruplo2 camas em belicheCancelamento grátisTemos mais 6 por esse preço,0,0,0,Outro
Natal,Flat no Terrazzo Pé na Areia,R$ 1.090,Com,"9,8 km do centro","Estúdio Triplo StandardEstúdio inteiro • 1 banheiro • 1 cozinha • 30 m²2 camas (1 de solteiro, 1 king-size)Cancelamento grátisTemos mais 1 por esse preço",0,0,0,Flat
Natal,Liiv Cobogó - Natal Ponta Negra,R$ 865,Com,"10,1 km do centro","Quarto Triplo2 camas (1 de casal, 1 tipo futon)Cancelamento grátis",0,0,0,Outro
Natal,Residence Vespucci,R$ 1.755,Com,"10,4 km do centro","Quarto Duplo com Varanda e Vista do Mar2 camas (1 de casal, 1 tipo futon)Café da manhã incluídoCancelamento grátisTemos mais 1 por esse preço",0,0,0,Outro
Natal,Aquaria Natal Hotel,R$ 3.464,Com,"12,1 km do centro",Suíte StandardSuíte privativa1 cama de casalCafé da manhã incluídoCancelamento grátisNão requer pré-pagamento – pague na acomodaçãoTemos mais 1 por esse preço,0,0,0,Outro
Natal,Apart Hotel Casa Grande,R$ 960,Com,"11,3 km do centro",Quarto com Cama de Casal ou 2 de SolteiroCamas: 1 de casal ou 2 de solteiroCafé da manhã incluídoTemos mais 1 por esse preço,0,0,0,Outro
Natal,Economy Hotel,R$ 676,Com,"10,5 km do centro",Quarto Duplo Econômico1 cama de casalCancelamento grátisTemos mais 1 por esse preço,0,0,0,Outro
Natal,H Ponta Negra Beach,R$ 1.105,Com,"11,5 km do centro",Apartamento EstúdioApartamento inteiro • 1 quarto • 1 banheiro • 19 m²1 cama de casalCancelamento grátisTemos mais 2 por esse preço,0,0,0,Flat
Natal,POUSADA TIA LUCY,R$ 1.500,Com,"11,6 km do centro",Quarto com Cama Queen-size1 cama de casal grandeCafé da manhã incluídoCancelamento grátisTemos mais 2 por esse preço,0,0,0,Pousada
Natal,Liiv Mar - Natal Ponta Negra,R$ 999,Com,"10,2 km do centro","Quarto Triplo Standard2 camas (1 de casal, 1 tipo futon)Cancelamento grátisTemos mais 1 por esse preço",0,0,0,Outro
Natal,Pousada Beija Flor,R$ 633,Com,"10,7 km do centro",Quarto Duplo1 cama de casalCancelamento grátisTemos mais 1 por esse preço,0,0,0,Pousada
Natal,Natal Vista do Mar,R$ 935,Com,"0,9 km do centro",Apartamento de 1 QuartoApartamento inteiro • 1 quarto • 1 banheiro • 44 m²1 cama de casalCancelamento grátis,0,0,0,Flat
Natal,Natal Prime Apartments -Porto Imperial,R$ 900,Com,11 km do centro,"Apartamento de 1 Quarto com Vista do MarApartamento inteiro • 1 quarto • 1 sala • 1 banheiro • 55 m²2 camas (1 de casal, 1 sofá-cama)Temos mais 2 por esse preço",0,0,0,Flat
Natal,Economy Suites,R$ 677,Com,"10,5 km do centro",Quarto Duplo Econômico2 camas de casalCancelamento grátisTemos mais 1 por esse preço,0,0,0,Outro
Natal,Reserva Madero Loft Natal Hotel,R$ 2.240,Com,"10,8 km do centro",Estúdio DeluxeEstúdio inteiro • 1 banheiro • 47 m²1 cama de casal grandeCafé da manhã incluídoTemos mais 4 por esse preço,0,0,0,Outro
Natal,Village Hospedagens,R$ 767,Com,12 km do centro,"Apartamento Superior com VarandaApartamento inteiro • 1 quarto • 1 sala • 1 banheiro • 1 cozinha • 45 m²3 camas (1 de solteiro, 1 de casal, 1 sofá-cama)Temos mais 2 por esse preço",0,0,0,Flat
Natal,Marambaia Apart Hotel,R$ 1.480,Com,"11,3 km do centro","Quarto Luxuoso2 camas (1 de solteiro, 1 de casal)Café da manhã incluídoTemos mais 1 por esse preço",0,0,0,Outro
Natal,Pousada Terra do Sol Natal,R$ 1.056,Com,"11,9 km do centro",Quarto Duplo Standard1 cama de casalCafé da manhã incluídoTemos mais 1 por esse preço,0,0,0,Pousada
Natal,9006 Suites Natal Hotel,R$ 947,Com,"10,7 km do centro",Suíte DeluxeSuíte privativa1 cama de casal extragrandeTemos mais 7 por esse preço,0,0,0,Outro
Natal,pousada dom aquino,R$ 996,Com,"10,7 km do centro",Estúdio DeluxeSuíte privativa1 cama de casal grandeCafé da manhã incluídoCancelamento grátisNão requer pré-pagamento – pague na acomodaçãoTemos mais 1 por esse preço,0,0,0,Pousada
Natal,KING's FLAT HOTEL NATAL,R$ 1.497,Com,11 km do centro,"Quarto DeluxeApartamento inteiro • 1 quarto • 1 banheiro • 1 cozinha • 36 m²2 camas (1 de casal, 1 sofá-cama)Café da manhã incluídoCancelamento grátisTemos mais 1 por esse preço",0,0,0,Flat
Natal,Natal Plaza,R$ 875,Com,"11,4 km do centro",Suíte com Cama Queen-sizeSuíte privativa1 cama de casal grandeTemos mais 1 por esse preço,0,0,0,Outro
Natal,Premium Flat Ponta Negra Natal,R$ 1.161,Com,"11,4 km do centro",Apartamento de 1 QuartoApartamento inteiro • 1 quarto • 1 banheiro • 1 cozinha • 40 m²1 cama de casal grandeTemos mais 2 por esse preço,0,0,0,Flat
Natal,Monza Palace Hotel,R$ 1.124,Com,"6,4 km do centro",Quarto Standard com Cama de Casal ou 2 de SolteiroCamas: 1 de casal ou 2 de solteiroCafé da manhã incluídoCancelamento grátisTemos mais 2 por esse preço,0,0,0,Outro
Natal,MoviHosts Mirador Suítes,R$ 1.601,Com,"11,4 km do centro","Estúdio StandardEstúdio inteiro • 34 m²2 camas (1 de solteiro, 1 de casal)Cancelamento grátisTemos mais 4 por esse preço",0,0,0,Outro
Natal,Liiv Costeira - Natal Ponta Negra,R$ 962,Com,"10,3 km do centro",Quarto Quádruplo2 camas em belicheCancelamento grátisTemos mais 6 por esse preço,0,0,0,Outro
Natal,Flat no Terrazzo Pé na Areia,R$ 1.090,Com,"9,8 km do centro","Estúdio Triplo StandardEstúdio inteiro • 1 banheiro • 1 cozinha • 30 m²2 camas (1 de solteiro, 1 king-size)Cancelamento grátisTemos mais 1 por esse preço",0,0,0,Flat
Natal,Liiv Cobogó - Natal Ponta Negra,R$ 865,Com,"10,1 km do centro","Quarto Triplo2 camas (1 de casal, 1 tipo futon)Cancelamento grátis",0,0,0,Outro
Natal,Residence Vespucci,R$ 1.755,Com,"10,4 km do centro","Quarto Duplo com Varanda e Vista do Mar2 camas (1 de casal, 1 tipo futon)Café da manhã incluídoCancelamento grátisTemos mais 1 por esse preço",0,0,0,Outro
Natal,Aquaria Natal Hotel,R$ 3.464,Com,"12,1 km do centro",Suíte StandardSuíte privativa1 cama de casalCafé da manhã incluídoCancelamento grátisNão requer pré-pagamento – pague na acomodaçãoTemos mais 1 por esse preço,0,0,0,Outro
Natal,Apart Hotel Casa Grande,R$ 960,Com,"11,3 km do centro",Quarto com Cama de Casal ou 2 de SolteiroCamas: 1 de casal ou 2 de solteiroCafé da manhã incluídoTemos mais 1 por esse preço,0,0,0,Outro
Natal,Economy Hotel,R$ 676,Com,"10,5 km do centro",Quarto Duplo Econômico1 cama de casalCancelamento grátisTemos mais 1 por esse preço,0,0,0,Outro
Natal,Liiv Mar - Natal Ponta Negra,R$ 999,Com,"10,2 km do centro","Quarto Triplo Standard2 camas (1 de casal, 1 tipo futon)Cancelamento grátisTemos mais 1 por esse preço",0,0,0,Outro
Natal,POUSADA TIA LUCY,R$ 1.500,Com,"11,6 km do centro",Quarto com Cama Queen-size1 cama de casal grandeCafé da manhã incluídoCancelamento grátisTemos mais 2 por esse preço,0,0,0,Pousada
Natal,Pousada Beija Flor,R$ 633,Com,"10,7 km do centro",Quarto Duplo1 cama de casalCancelamento grátisTemos mais 1 por esse preço,0,0,0,Pousada
Natal,Natal Prime Apartments -Porto Imperial,R$ 900,Com,11 km do centro,"Apartamento de 1 Quarto com Vista do MarApartamento inteiro • 1 quarto • 1 sala • 1 banheiro • 55 m²2 camas (1 de casal, 1 sofá-cama)Temos mais 2 por esse preço",0,0,0,Flat
Natal,Natal Vista do Mar,R$ 935,Com,"0,9 km do centro",Apartamento de 1 QuartoApartamento inteiro • 1 quarto • 1 banheiro • 44 m²1 cama de casalCancelamento grátis,0,0,0,Flat
Natal,Reserva Madero Loft Natal Hotel,R$ 2.240,Com,"10,8 km do centro",Estúdio DeluxeEstúdio inteiro • 1 banheiro • 47 m²1 cama de casal grandeCafé da manhã incluídoTemos mais 4 por esse preço,0,0,0,Outro
Natal,Economy Suites,R$ 677,Com,"10,5 km do centro",Quarto Duplo Econômico2 camas de casalCancelamento grátisTemos mais 1 por esse preço,0,0,0,Outro
Natal,Hotel Ponta Negra Beach Natal,R$ 1.381,Com,"11,5 km do centro",Apartamento StandardDiversos tipos de camaTemos mais 5 por esse preço,0,0,0,Flat
Natal,Village Hospedagens,R$ 767,Com,12 km do centro,"Apartamento Superior com VarandaApartamento inteiro • 1 quarto • 1 sala • 1 banheiro • 1 cozinha • 45 m²3 camas (1 de solteiro, 1 de casal, 1 sofá-cama)Temos mais 2 por esse preço",0,0,0,Flat
Natal,Marambaia Apart Hotel,R$ 1.480,Com,"11,3 km do centro","Quarto Luxuoso2 camas (1 de solteiro, 1 de casal)Café da manhã incluídoTemos mais 1 por esse preço",0,0,0,Outro
Natal,Pousada Terra do Sol Natal,R$ 1.056,Com,"11,9 km do centro",Quarto Duplo Standard1 cama de casalCafé da manhã incluídoTemos mais 1 por esse preço,0,0,0,Pousada
Natal,9006 Suites Natal Hotel,R$ 947,Com,"10,7 km do centro",Suíte DeluxeSuíte privativa1 cama de casal extragrandeTemos mais 7 por esse preço,0,0,0,Outro
Natal,pousada dom aquino,R$ 996,Com,"10,7 km do centro",Estúdio DeluxeSuíte privativa1 cama de casal grandeCafé da manhã incluídoCancelamento grátisNão requer pré-pagamento – pague na acomodaçãoTemos mais 1 por esse preço,0,0,0,Pousada
Natal,KING's FLAT HOTEL NATAL,R$ 1.497,Com,11 km do centro,"Quarto DeluxeApartamento inteiro • 1 quarto • 1 banheiro • 1 cozinha • 36 m²2 camas (1 de casal, 1 sofá-cama)Café da manhã incluídoCancelamento grátisTemos mais 1 por esse preço",0,0,0,Flat
Natal,Natal Plaza,R$ 875,Com,"11,4 km do centro",Suíte com Cama Queen-sizeSuíte privativa1 cama de casal grandeTemos mais 1 por esse preço,0,0,0,Outro
Natal,Premium Flat Ponta Negra Natal,R$ 1.161,Com,"11,4 km do centro",Apartamento de 1 QuartoApartamento inteiro • 1 quarto • 1 banheiro • 1 cozinha • 40 m²1 cama de casal grandeTemos mais 2 por esse preço,0,0,0,Flat
Natal,Monza Palace Hotel,R$ 1.124,Com,"6,4 km do centro",Quarto Standard com Cama de Casal ou 2 de SolteiroCamas: 1 de casal ou 2 de solteiroCafé da manhã incluídoCancelamento grátisTemos mais 2 por esse preço,0,0,0,Outro
Natal,MoviHosts Mirador Suítes,R$ 1.601,Com,"11,4 km do centro","Estúdio StandardEstúdio inteiro • 34 m²2 camas (1 de solteiro, 1 de casal)Cancelamento grátisTemos mais 4 por esse preço",0,0,0,Outro
Natal,Liiv Costeira - Natal Ponta Negra,R$ 962,Com,"10,3 km do centro",Quarto Quádruplo2 camas em belicheCancelamento grátisTemos mais 6 por esse preço,0,0,0,Outro
Natal,Flat no Terrazzo Pé na Areia,R$ 1.090,Com,"9,8 km do centro","Estúdio Triplo StandardEstúdio inteiro • 1 banheiro • 1 cozinha • 30 m²2 camas (1 de solteiro, 1 king-size)Cancelamento grátisTemos mais 1 por esse preço",0,0,0,Flat
Natal,Liiv Cobogó - Natal Ponta Negra,R$ 865,Com,"10,1 km do centro","Quarto Triplo2 camas (1 de casal, 1 tipo futon)Cancelamento grátis",0,0,0,Outro
Natal,Residence Vespucci,R$ 1.755,Com,"10,4 km do centro","Quarto Duplo com Varanda e Vista do Mar2 camas (1 de casal, 1 tipo futon)Café da manhã incluídoCancelamento grátisTemos mais 1 por esse preço",0,0,0,Outro
Natal,Aquaria Natal Hotel,R$ 3.464,Com,"12,1 km do centro",Suíte StandardSuíte privativa1 cama de casalCafé da manhã incluídoCancelamento grátisNão requer pré-pagamento – pague na acomodaçãoTemos mais 1 por esse preço,0,0,0,Outro
Natal,Apart Hotel Casa Grande,R$ 960,Com,"11,3 km do centro",Quarto com Cama de Casal ou 2 de SolteiroCamas: 1 de casal ou 2 de solteiroCafé da manhã incluídoTemos mais 1 por esse preço,0,0,0,Outro
Natal,Economy Hotel,R$ 676,Com,"10,5 km do centro",Quarto Duplo Econômico1 cama de casalCancelamento grátisTemos mais 1 por esse preço,0,0,0,Outro
Natal,H Ponta Negra Beach,R$ 1.105,Com,"11,5 km do centro",Apartamento EstúdioApartamento inteiro • 1 quarto • 1 banheiro • 19 m²1 cama de casalCancelamento grátisTemos mais 2 por esse preço,0,0,0,Flat
Natal,POUSADA TIA LUCY,R$ 1.500,Com,"11,6 km do centro",Quarto com Cama Queen-size1 cama de casal grandeCafé da manhã incluídoCancelamento grátisTemos mais 2 por esse preço,0,0,0,Pousada
Natal,Liiv Mar - Natal Ponta Negra,R$ 999,Com,"10,2 km do centro","Quarto Triplo Standard2 camas (1 de casal, 1 tipo futon)Cancelamento grátisTemos mais 1 por esse preço",0,0,0,Outro
Natal,Pousada Beija Flor,R$ 633,Com,"10,7 km do centro",Quarto Duplo1 cama de casalCancelamento grátisTemos mais 1 por esse preço,0,0,0,Pousada
Natal,Residencial Fran Chiattone,R$ 641,Com,12 km do centro,"Apartamento EstúdioApartamento inteiro • 1 quarto • 1 banheiro • 1 cozinha • 32 m²2 camas (1 de solteiro, 1 king-size)Cancelamento grátisTemos mais 1 por esse preço",0,0,0,Flat
Natal,Natal Prime Apartments -Porto Imperial,R$ 900,Com,11 km do centro,"Apartamento de 1 Quarto com Vista do MarApartamento inteiro • 1 quarto • 1 sala • 1 banheiro • 55 m²2 camas (1 de casal, 1 sofá-cama)Temos mais 2 por esse preço",0,0,0,Flat
Natal,Natal Vista do Mar,R$ 935,Com,"0,9 km do centro",Apartamento de 1 QuartoApartamento inteiro • 1 quarto • 1 banheiro • 44 m²1 cama de casalCancelamento grátis,0,0,0,Flat
Natal,Reserva Madero Loft Natal Hotel,R$ 2.240,Com,"10,8 km do centro",Estúdio DeluxeEstúdio inteiro • 1 banheiro • 47 m²1 cama de casal grandeCafé da manhã incluídoTemos mais 4 por esse preço,0,0,0,Outro
Natal,Economy Suites,R$ 677,Com,"10,5 km do centro",Quarto Duplo Econômico2 camas de casalCancelamento grátisTemos mais 1 por esse preço,0,0,0,Outro
Natal,Village Hospedagens,R$ 767,Com,12 km do centro,"Apartamento Superior com VarandaApartamento inteiro • 1 quarto • 1 sala • 1 banheiro • 1 cozinha • 45 m²3 camas (1 de solteiro, 1 de casal, 1 sofá-cama)Temos mais 2 por esse preço",0,0,0,Flat
